<?xml version="1.0" encoding="utf-8" ?>
<!DOCTYPE article PUBLIC "-//NLM//DTD JATS (Z39.96) Journal Archiving
and Interchange DTD v1.2 20190208//EN" "JATS-archivearticle1.dtd">

<article xmlns:mml="http://www.w3.org/1998/Math/MathML" xmlns:xlink="http://www.w3.org/1999/xlink" dtd-version="1.2" article-type="other">

<front>
<journal-meta>
<journal-id></journal-id>

<journal-title-group>
</journal-title-group>
<issn></issn>

<publisher>
<publisher-name></publisher-name>
</publisher>
</journal-meta>


<article-meta>


<title-group>
<article-title>Causes and effects in Dichotomous Comparative Judgments:
an information-theoretical system with plausible
mechanism</article-title>
</title-group>

<contrib-group>
<contrib contrib-type="author" corresp="yes">
<contrib-id contrib-id-type="orcid">0000-0002-3088-2783</contrib-id>
<name>
<surname>Rivera Espejo</surname>
<given-names>Jose Manuel</given-names>
</name>
<string-name>Jose Manuel Rivera Espejo</string-name>

<email>JoseManuel.RiveraEspejo@uantwerpen.be</email>
<role degree-contribution="lead" vocab="https://credit.niso.org" vocab-term="conceptualization" vocab-term-identifier="https://credit.niso.org/contributor-roles/conceptualization/">conceptualization</role>
<role degree-contribution="lead" vocab="https://credit.niso.org" vocab-term="methodology" vocab-term-identifier="https://credit.niso.org/contributor-roles/methodology/">methodology</role>
<role degree-contribution="only" vocab="https://credit.niso.org" vocab-term="software" vocab-term-identifier="https://credit.niso.org/contributor-roles/software/">software</role>
<role degree-contribution="only" vocab="https://credit.niso.org" vocab-term="validation" vocab-term-identifier="https://credit.niso.org/contributor-roles/validation/">validation</role>
<role degree-contribution="only" vocab="https://credit.niso.org" vocab-term="formal
analysis" vocab-term-identifier="https://credit.niso.org/contributor-roles/formal-analysis/">formal
analysis</role>
<role degree-contribution="only" vocab="https://credit.niso.org" vocab-term="investigation" vocab-term-identifier="https://credit.niso.org/contributor-roles/investigation/">investigation</role>
<role degree-contribution="no" vocab="https://credit.niso.org" vocab-term="resources" vocab-term-identifier="https://credit.niso.org/contributor-roles/resources/">resources</role>
<role degree-contribution="only" vocab="https://credit.niso.org" vocab-term="data
curation" vocab-term-identifier="https://credit.niso.org/contributor-roles/data-curation/">data
curation</role>
<role degree-contribution="only" vocab="https://credit.niso.org" vocab-term="writing
– original
draft" vocab-term-identifier="https://credit.niso.org/contributor-roles/writing-original-draft/">writing</role>
<role degree-contribution="no" vocab="https://credit.niso.org" vocab-term="writing
– review &amp;
editing" vocab-term-identifier="https://credit.niso.org/contributor-roles/writing-review-editing/">editing</role>
<role degree-contribution="only" vocab="https://credit.niso.org" vocab-term="visualization" vocab-term-identifier="https://credit.niso.org/contributor-roles/visualization/">visualization</role>
<role degree-contribution="no" vocab="https://credit.niso.org" vocab-term="supervision" vocab-term-identifier="https://credit.niso.org/contributor-roles/supervision/">supervision</role>
<role degree-contribution="no" vocab="https://credit.niso.org" vocab-term="project
administration" vocab-term-identifier="https://credit.niso.org/contributor-roles/project-administration/">project
administration</role>
<role degree-contribution="no">funding adquisition</role>
<xref ref-type="aff" rid="aff-1">a</xref>
<xref ref-type="corresp" rid="cor-1">&#x002A;</xref>
</contrib>
<contrib contrib-type="author">
<contrib-id contrib-id-type="orcid">https://orcid.org/0000-0001-9398-9775</contrib-id>
<name>
<surname>van Daal</surname>
<given-names>Tine</given-names>
</name>
<string-name>Tine van Daal</string-name>

<email>tine.vandaal@uantwerpen.be</email>
<role degree-contribution="support" vocab="https://credit.niso.org" vocab-term="conceptualization" vocab-term-identifier="https://credit.niso.org/contributor-roles/conceptualization/">conceptualization</role>
<role degree-contribution="support" vocab="https://credit.niso.org" vocab-term="methodology" vocab-term-identifier="https://credit.niso.org/contributor-roles/methodology/">methodology</role>
<role degree-contribution="no" vocab="https://credit.niso.org" vocab-term="software" vocab-term-identifier="https://credit.niso.org/contributor-roles/software/">software</role>
<role degree-contribution="no" vocab="https://credit.niso.org" vocab-term="validation" vocab-term-identifier="https://credit.niso.org/contributor-roles/validation/">validation</role>
<role degree-contribution="no" vocab="https://credit.niso.org" vocab-term="formal
analysis" vocab-term-identifier="https://credit.niso.org/contributor-roles/formal-analysis/">formal
analysis</role>
<role degree-contribution="no" vocab="https://credit.niso.org" vocab-term="investigation" vocab-term-identifier="https://credit.niso.org/contributor-roles/investigation/">investigation</role>
<role degree-contribution="support" vocab="https://credit.niso.org" vocab-term="resources" vocab-term-identifier="https://credit.niso.org/contributor-roles/resources/">resources</role>
<role degree-contribution="no" vocab="https://credit.niso.org" vocab-term="data
curation" vocab-term-identifier="https://credit.niso.org/contributor-roles/data-curation/">data
curation</role>
<role degree-contribution="no" vocab="https://credit.niso.org" vocab-term="writing
– original
draft" vocab-term-identifier="https://credit.niso.org/contributor-roles/writing-original-draft/">writing</role>
<role degree-contribution="support" vocab="https://credit.niso.org" vocab-term="writing
– review &amp;
editing" vocab-term-identifier="https://credit.niso.org/contributor-roles/writing-review-editing/">editing</role>
<role degree-contribution="no" vocab="https://credit.niso.org" vocab-term="visualization" vocab-term-identifier="https://credit.niso.org/contributor-roles/visualization/">visualization</role>
<role degree-contribution="no" vocab="https://credit.niso.org" vocab-term="supervision" vocab-term-identifier="https://credit.niso.org/contributor-roles/supervision/">supervision</role>
<role degree-contribution="no" vocab="https://credit.niso.org" vocab-term="project
administration" vocab-term-identifier="https://credit.niso.org/contributor-roles/project-administration/">project
administration</role>
<role degree-contribution="no">funding adquisition</role>
<xref ref-type="aff" rid="aff-1">a</xref>
</contrib>
<contrib contrib-type="author">
<contrib-id contrib-id-type="orcid">0000-0003-2888-1631</contrib-id>
<name>
<surname>De Maeyer</surname>
<given-names>Sven</given-names>
</name>
<string-name>Sven De Maeyer</string-name>

<email>sven.demaeyer@uantwerpen.be</email>
<role degree-contribution="support" vocab="https://credit.niso.org" vocab-term="conceptualization" vocab-term-identifier="https://credit.niso.org/contributor-roles/conceptualization/">conceptualization</role>
<role degree-contribution="support" vocab="https://credit.niso.org" vocab-term="methodology" vocab-term-identifier="https://credit.niso.org/contributor-roles/methodology/">methodology</role>
<role degree-contribution="no" vocab="https://credit.niso.org" vocab-term="software" vocab-term-identifier="https://credit.niso.org/contributor-roles/software/">software</role>
<role degree-contribution="no" vocab="https://credit.niso.org" vocab-term="validation" vocab-term-identifier="https://credit.niso.org/contributor-roles/validation/">validation</role>
<role degree-contribution="no" vocab="https://credit.niso.org" vocab-term="formal
analysis" vocab-term-identifier="https://credit.niso.org/contributor-roles/formal-analysis/">formal
analysis</role>
<role degree-contribution="no" vocab="https://credit.niso.org" vocab-term="investigation" vocab-term-identifier="https://credit.niso.org/contributor-roles/investigation/">investigation</role>
<role degree-contribution="support" vocab="https://credit.niso.org" vocab-term="resources" vocab-term-identifier="https://credit.niso.org/contributor-roles/resources/">resources</role>
<role degree-contribution="no" vocab="https://credit.niso.org" vocab-term="data
curation" vocab-term-identifier="https://credit.niso.org/contributor-roles/data-curation/">data
curation</role>
<role degree-contribution="no" vocab="https://credit.niso.org" vocab-term="writing
– original
draft" vocab-term-identifier="https://credit.niso.org/contributor-roles/writing-original-draft/">writing</role>
<role degree-contribution="support" vocab="https://credit.niso.org" vocab-term="writing
– review &amp;
editing" vocab-term-identifier="https://credit.niso.org/contributor-roles/writing-review-editing/">editing</role>
<role degree-contribution="no" vocab="https://credit.niso.org" vocab-term="visualization" vocab-term-identifier="https://credit.niso.org/contributor-roles/visualization/">visualization</role>
<role degree-contribution="yes" vocab="https://credit.niso.org" vocab-term="supervision" vocab-term-identifier="https://credit.niso.org/contributor-roles/supervision/">supervision</role>
<role degree-contribution="yes" vocab="https://credit.niso.org" vocab-term="project
administration" vocab-term-identifier="https://credit.niso.org/contributor-roles/project-administration/">project
administration</role>
<role degree-contribution="yes">funding adquisition</role>
<xref ref-type="aff" rid="aff-1">a</xref>
</contrib>
<contrib contrib-type="author">
<name>
<surname>Gillis</surname>
<given-names>Steven</given-names>
</name>
<string-name>Steven Gillis</string-name>

<email>steven.gillis@uantwerpen.be</email>
<role degree-contribution="support" vocab="https://credit.niso.org" vocab-term="conceptualization" vocab-term-identifier="https://credit.niso.org/contributor-roles/conceptualization/">conceptualization</role>
<role degree-contribution="no" vocab="https://credit.niso.org" vocab-term="methodology" vocab-term-identifier="https://credit.niso.org/contributor-roles/methodology/">methodology</role>
<role degree-contribution="no" vocab="https://credit.niso.org" vocab-term="software" vocab-term-identifier="https://credit.niso.org/contributor-roles/software/">software</role>
<role degree-contribution="no" vocab="https://credit.niso.org" vocab-term="validation" vocab-term-identifier="https://credit.niso.org/contributor-roles/validation/">validation</role>
<role degree-contribution="no" vocab="https://credit.niso.org" vocab-term="formal
analysis" vocab-term-identifier="https://credit.niso.org/contributor-roles/formal-analysis/">formal
analysis</role>
<role degree-contribution="no" vocab="https://credit.niso.org" vocab-term="investigation" vocab-term-identifier="https://credit.niso.org/contributor-roles/investigation/">investigation</role>
<role degree-contribution="support" vocab="https://credit.niso.org" vocab-term="resources" vocab-term-identifier="https://credit.niso.org/contributor-roles/resources/">resources</role>
<role degree-contribution="no" vocab="https://credit.niso.org" vocab-term="data
curation" vocab-term-identifier="https://credit.niso.org/contributor-roles/data-curation/">data
curation</role>
<role degree-contribution="no" vocab="https://credit.niso.org" vocab-term="writing
– original
draft" vocab-term-identifier="https://credit.niso.org/contributor-roles/writing-original-draft/">writing</role>
<role degree-contribution="support" vocab="https://credit.niso.org" vocab-term="writing
– review &amp;
editing" vocab-term-identifier="https://credit.niso.org/contributor-roles/writing-review-editing/">editing</role>
<role degree-contribution="no" vocab="https://credit.niso.org" vocab-term="visualization" vocab-term-identifier="https://credit.niso.org/contributor-roles/visualization/">visualization</role>
<role degree-contribution="yes" vocab="https://credit.niso.org" vocab-term="supervision" vocab-term-identifier="https://credit.niso.org/contributor-roles/supervision/">supervision</role>
<role degree-contribution="yes" vocab="https://credit.niso.org" vocab-term="project
administration" vocab-term-identifier="https://credit.niso.org/contributor-roles/project-administration/">project
administration</role>
<role degree-contribution="yes">funding adquisition</role>
<xref ref-type="aff" rid="aff-2">b</xref>
</contrib>
</contrib-group>
<aff id="aff-1">
<institution content-type="dept">Training and education
sciences</institution>
<institution-wrap>
<institution>University of Antwerp</institution>
</institution-wrap>







</aff>
<aff id="aff-2">
<institution content-type="dept">Linguistics</institution>
<institution-wrap>
<institution>University of Antwerp</institution>
</institution-wrap>







</aff>
<author-notes>
<corresp id="cor-1">JoseManuel.RiveraEspejo@uantwerpen.be</corresp>
</author-notes>

<pub-date date-type="pub" publication-format="electronic" iso-8601-date="2024-07-17">
<year>2024</year>
<month>7</month>
<day>17</day>
</pub-date>







<history></history>


<abstract>
<p>Dichotomous Comparative Judgment (DCJ, Pollitt
(<xref alt="2012a" rid="ref-Pollitt_2012a" ref-type="bibr">2012a</xref>),
Pollitt
(<xref alt="2012b" rid="ref-Pollitt_2012b" ref-type="bibr">2012b</xref>))
requires judges to evaluate the relative manifestation of traits between
pairs of stimuli, resulting in a dichotomous outcome indicating which
stimulus exhibits the trait more strongly. Research has demonstrated
DCJ’s effectiveness and reliability in various domains
(<xref alt="Pollitt 2012b" rid="ref-Pollitt_2012b" ref-type="bibr">Pollitt
2012b</xref>;
<xref alt="Bartholomew et al. 2018" rid="ref-Bartholomew_et_al_2018" ref-type="bibr">Bartholomew
et al. 2018</xref>;
<xref alt="van Daal et al. 2019" rid="ref-vanDaal_et_al_2016" ref-type="bibr">van
Daal et al. 2019</xref>;
<xref alt="Lesterhuis 2018" rid="ref-Lesterhuis_2018" ref-type="bibr">Lesterhuis
2018</xref>;
<xref alt="Bartholomew and Williams 2020" rid="ref-Bartholomew_et_al_2020" ref-type="bibr">Bartholomew
and Williams 2020</xref>;
<xref alt="Boonen, Kloots, and Gillis 2020" rid="ref-Boonen_et_al_2020" ref-type="bibr">Boonen,
Kloots, and Gillis 2020</xref>). However, the literature lacks a clear
and transparent depiction of the plausible mechanisms underlying DCJ
data. Specifically, there is no detail explanation of how the different
assessment factors can potentially influence the observed DCJ data. This
study aims to fill this gap by applying the framework of causal analysis
and Directed Acyclic Graphs (DAG; Pearl
(<xref alt="2009" rid="ref-Pearl_2009" ref-type="bibr">2009</xref>)).
Using this framework, the study will construct a scientific model to
elucidate the causal assumptions and mechanisms inherent the system.
This model will enable researchers to draw inferences about causal
relationships from DCJ data. Subsequently, the study will translate this
model into a probabilistic statistical model, aiming to derive
statistical estimands for different targets of inference. The outcomes
of this study will inform the planning of DCJ experiments and hold
significance for researchers or analysts involved in education and
assessment procedures who implement the DCJ methodology.</p>
</abstract>
<kwd-group kwd-group-type="author">
<kwd>comparative judgement</kwd>
<kwd>directed acycilc graph</kwd>
<kwd>causal analysis</kwd>
<kwd>probabilistic statistics</kwd>
</kwd-group>


<funding-group>
<funding-statement>The project was founded through the Research Fund of
the University of Antwerp (BOF).</funding-statement>
</funding-group>


</article-meta>

</front>

<body>
<sec id="sec-introduction">
  <title>Introduction</title>
  <p>In contemporary contexts, Thurstone’s law of comparative judgment
  (<xref alt="1927" rid="ref-Thurstone_1927" ref-type="bibr">1927</xref>)
  primarily refers to the method of <italic>Dichotomous</italic>
  Comparative Judgment (DCJ,
  <xref alt="Pollitt 2012a" rid="ref-Pollitt_2012a" ref-type="bibr">Pollitt
  2012a</xref>,
  <xref alt="2012b" rid="ref-Pollitt_2012b" ref-type="bibr">2012b</xref>).
  In DCJ, a judge assesses the relative manifestation of a
  <italic>trait</italic> within a pair of stimuli. This assessment
  results in a dichotomous value indicating which stimulus possesses a
  higher degree of the trait. After different judges perform multiple
  rounds of pairwise comparisons, an outcome vector is produced. This
  vector is modeled using the Bradley-Terry-Luce model (BTL,
  <xref alt="Bradley and Terry 1952" rid="ref-Bradley_et_al_1952" ref-type="bibr">Bradley
  and Terry 1952</xref>;
  <xref alt="Luce 1959" rid="ref-Luce_1959" ref-type="bibr">Luce
  1959</xref>;
  <xref alt="Pollitt 2012a" rid="ref-Pollitt_2012a" ref-type="bibr">Pollitt
  2012a</xref>), which produces a latent variable corresponding to the
  trait of interest. This latent variable is then used to rank the
  stimuli from lowest to highest or to evaluate the influence of certain
  variables on the stimuli’s positions in the ranking.</p>
  <p>DCJ has proven effective in assessing competencies and traits
  predominantly within the educational realm, as demonstrated by the
  works of Pollitt
  (<xref alt="2012b" rid="ref-Pollitt_2012b" ref-type="bibr">2012b</xref>),
  Bartholomew et al.
  (<xref alt="2018" rid="ref-Bartholomew_et_al_2018" ref-type="bibr">2018</xref>),
  van Daal et al.
  (<xref alt="2019" rid="ref-vanDaal_et_al_2016" ref-type="bibr">2019</xref>),
  Lesterhuis
  (<xref alt="2018" rid="ref-Lesterhuis_2018" ref-type="bibr">2018</xref>),
  and Bartholomew and Williams
  (<xref alt="2020" rid="ref-Bartholomew_et_al_2020" ref-type="bibr">2020</xref>).
  However, its application transcends education, as exemplified by the
  work of Boonen, Kloots, and Gillis
  (<xref alt="2020" rid="ref-Boonen_et_al_2020" ref-type="bibr">2020</xref>).
  The methodology has also evolved to include multiple, as opposed to
  pairwise comparisons
  (<xref alt="Luce 1959" rid="ref-Luce_1959" ref-type="bibr">Luce
  1959</xref>;
  <xref alt="Plackett 1975" rid="ref-Placket_1975" ref-type="bibr">Plackett
  1975</xref>), and to accommodate comparisons with ordinal outcomes
  (<xref alt="Tutz 1986" rid="ref-Tutz_1986" ref-type="bibr">Tutz
  1986</xref>;
  <xref alt="Agresti 1992" rid="ref-Agresti_1992" ref-type="bibr">Agresti
  1992</xref>). Overall, research suggests that DCJ offers an
  alternative and efficient approach to measurement and evaluation,
  characterized by its reliability and validity
  (<xref alt="Lesterhuis 2018" rid="ref-Lesterhuis_2018" ref-type="bibr">Lesterhuis
  2018</xref>;
  <xref alt="van Daal 2020" rid="ref-vanDaal_2020" ref-type="bibr">van
  Daal 2020</xref>;
  <xref alt="Marshall et al. 2020" rid="ref-Marshall_et_al_2020" ref-type="bibr">Marshall
  et al. 2020</xref>). Nevertheless, despite the method’s widespread
  use, the literature lacks a transparent depiction of the DCJ system
  and the plausible mechanisms that give rise to DCJ data. Particularly,
  there is no detailed explanation of how different assessment factors
  can potentially influence the observed DCJ data.</p>
  <p>According to Verhavert et al.
  (<xref alt="2019" rid="ref-Verhavert_et_al_2019" ref-type="bibr">2019</xref>)
  and van Daal
  (<xref alt="2020" rid="ref-vanDaal_2020" ref-type="bibr">2020</xref>),
  several assessment factors interact and contribute to the reliability
  of the DCJ method. These factors include the number and
  characteristics of the stimuli, their <italic>proximity</italic> in
  terms of the assessed trait, the number of comparison per stimulus,
  and the pairing algorithm used. Furthermore, since the method relies
  on judges’ assessments, the number and characteristics of judges,
  their <italic>discrimination</italic> abilities, and the number of
  comparisons per judge also play pivotal roles. Moreover, when the
  stimuli represent sub-units of higher-levels units, factors such as
  the number and characteristics of these units, along with their
  <italic>proximity</italic> in terms of the assessed trait, can
  significantly influence the outcome. An example of this can be found
  in van Daal et al.
  (<xref alt="2019" rid="ref-vanDaal_et_al_2016" ref-type="bibr">2019</xref>),
  where the authors assessed the <italic>skills in academic
  writing</italic> (trait) of Flemish university students, utilizing
  multiple argumentative essays (stimuli, sub-units) originating from
  various students (units).</p>
</sec>
<sec id="sec-TheoreticalFramework">
  <title>Theoretical framework</title>
  <sec id="sec-ResearchQuestions">
    <title>Research questions and their estimands</title>
  </sec>
  <sec id="sec-SciMod">
    <title>A scientific model for the DCJ procedure</title>
  </sec>
  <sec id="sec-Sci2StatMod">
    <title>From the scientific to the Bradley-Terry-Luce model</title>
  </sec>
</sec>
<sec id="sec-discussion">
  <title>Discussion</title>
  <sec id="sec-LFR">
    <title>Limitations and further research</title>
  </sec>
</sec>
<sec id="sec-conclusion">
  <title>Conclusion</title>
  <p></p>
</sec>
<sec id="declarations">
  <title>Declarations</title>
  <p><bold>Funding:</bold> The project was founded through the Research
  Fund of the University of Antwerp (BOF).</p>
  <p><bold>Conflict of interests:</bold> The authors declare no conflict
  of interest.</p>
  <p><bold>Ethics approval:</bold> The University of Antwerp Research
  Ethics Committee has confirmed that no ethical approval is
  required.</p>
  <p><bold>Consent to participate:</bold> Not applicable</p>
  <p><bold>Consent for publication:</bold> All authors have read and
  agreed to the published version of the manuscript.</p>
  <p><bold>Availability of data and materials:</bold> No data was
  utilized in this study</p>
  <p><bold>Code availability:</bold> All the code utilized in this
  research is available in the digital document located at:
  <ext-link ext-link-type="uri" xlink:href="https://jriveraespejo.github.io/paper2_manuscript/">https://jriveraespejo.github.io/paper2_manuscript/</ext-link>.</p>
  <p><bold>Authors’ contributions:</bold>
  <italic>Conceptualization:</italic> S.G., S.DM., T.vD., and J.M.R.E;
  <italic>Methodology:</italic> S.DM., T.vD., and J.M.R.E;
  <italic>Software:</italic> J.M.R.E.; <italic>Validation:</italic>
  J.M.R.E.; <italic>Formal Analysis:</italic> J.M.R.E.;
  <italic>Investigation:</italic> J.M.R.E; <italic>Resources:</italic>
  S.G., S.DM., and T.vD.; <italic>Data curation:</italic> J.M.R.E.;
  <italic>Writing - original draft:</italic> J.M.R.E.; <italic>Writing -
  review &amp; editing:</italic> S.G., S.DM., and T.vD.;
  <italic>Visualization:</italic> J.M.R.E.;
  <italic>Supervision:</italic> S.G. and S.DM.; <italic>Project
  administration:</italic> S.G. and S.DM.; <italic>Funding
  acquisition:</italic> S.G. and S.DM.</p>
  <p></p>
</sec>
</body>

<back>
<ref-list>
  <title>References</title>
  <ref id="ref-Thurstone_1927">
    <element-citation publication-type="article-journal">
      <person-group person-group-type="author">
        <name><surname>Thurstone</surname><given-names>L.</given-names></name>
      </person-group>
      <article-title>A law of comparative judgment</article-title>
      <source>Psychological Review</source>
      <year iso-8601-date="1927">1927</year>
      <volume>34</volume>
      <issue>4</issue>
      <uri></uri>
      <pub-id pub-id-type="doi">10.1037/h0070288</pub-id>
      <fpage>482</fpage>
      <lpage>499</lpage>
    </element-citation>
  </ref>
  <ref id="ref-Bradley_et_al_1952">
    <element-citation publication-type="article-journal">
      <person-group person-group-type="author">
        <name><surname>Bradley</surname><given-names>R.</given-names></name>
        <name><surname>Terry</surname><given-names>M.</given-names></name>
      </person-group>
      <article-title>Rank analysis of incomplete block designs: I. The method of paired comparisons</article-title>
      <source>Biometrika</source>
      <year iso-8601-date="1952">1952</year>
      <volume>39</volume>
      <issue>3-4</issue>
      <uri>http://www.jstor.com/stable/2334029</uri>
      <pub-id pub-id-type="doi">10.2307/2334029</pub-id>
      <fpage>324</fpage>
      <lpage>345</lpage>
    </element-citation>
  </ref>
  <ref id="ref-Luce_1959">
    <element-citation publication-type="article-journal">
      <person-group person-group-type="author">
        <name><surname>Luce</surname><given-names>R.</given-names></name>
      </person-group>
      <article-title>On the possible psychophysical laws</article-title>
      <source>The Psychologcal Review</source>
      <year iso-8601-date="1959">1959</year>
      <volume>66</volume>
      <issue>2</issue>
      <uri></uri>
      <pub-id pub-id-type="doi">10.1037/h0043178</pub-id>
      <fpage>482</fpage>
      <lpage>499</lpage>
    </element-citation>
  </ref>
  <ref id="ref-Placket_1975">
    <element-citation publication-type="article-journal">
      <person-group person-group-type="author">
        <name><surname>Plackett</surname><given-names>R.</given-names></name>
      </person-group>
      <article-title>The analysis of permutations</article-title>
      <source>Journal of the Royal Statistical Society</source>
      <year iso-8601-date="1975">1975</year>
      <volume>24</volume>
      <issue>2</issue>
      <uri>https://www.jstor.org/stable/2346567</uri>
      <pub-id pub-id-type="doi">10.2307/2346567</pub-id>
      <fpage>193</fpage>
      <lpage>202</lpage>
    </element-citation>
  </ref>
  <ref id="ref-Tutz_1986">
    <element-citation publication-type="article-journal">
      <person-group person-group-type="author">
        <name><surname>Tutz</surname><given-names>G.</given-names></name>
      </person-group>
      <article-title>Bradley-terry-luce model with an ordered response</article-title>
      <source>Journal of Mathemathical Psychology</source>
      <year iso-8601-date="1986">1986</year>
      <volume>30</volume>
      <issue>3</issue>
      <uri></uri>
      <pub-id pub-id-type="doi">10.1016/0022-2496(86)90034-9</pub-id>
      <fpage>306</fpage>
      <lpage>316</lpage>
    </element-citation>
  </ref>
  <ref id="ref-Agresti_1992">
    <element-citation publication-type="article-journal">
      <person-group person-group-type="author">
        <name><surname>Agresti</surname><given-names>A.</given-names></name>
      </person-group>
      <article-title>Analysis of ordinal paired comparison data</article-title>
      <source>Journal of the Royal Statistical Society</source>
      <year iso-8601-date="1992">1992</year>
      <volume>41</volume>
      <issue>2</issue>
      <uri>https://www.jstor.org/stable/2347562</uri>
      <pub-id pub-id-type="doi">10.2307/2347562</pub-id>
      <fpage>287</fpage>
      <lpage>297</lpage>
    </element-citation>
  </ref>
  <ref id="ref-Pollitt_2012a">
    <element-citation publication-type="article-journal">
      <person-group person-group-type="author">
        <name><surname>Pollitt</surname><given-names>A.</given-names></name>
      </person-group>
      <article-title>Comparative judgement for assessment</article-title>
      <source>International Journal of Technology and Design Education</source>
      <year iso-8601-date="2012">2012</year>
      <volume>22</volume>
      <issue>2</issue>
      <uri></uri>
      <pub-id pub-id-type="doi">10.1007/s10798-011-9189-x</pub-id>
      <fpage>157</fpage>
      <lpage>170</lpage>
    </element-citation>
  </ref>
  <ref id="ref-Pollitt_2012b">
    <element-citation publication-type="article-journal">
      <person-group person-group-type="author">
        <name><surname>Pollitt</surname><given-names>A.</given-names></name>
      </person-group>
      <article-title>The method of adaptive comparative judgement</article-title>
      <source>Assessment in Education: Principles, Policy and Practice</source>
      <year iso-8601-date="2012">2012</year>
      <volume>19</volume>
      <issue>3</issue>
      <uri></uri>
      <pub-id pub-id-type="doi">10.1080/0969594X.2012.665354</pub-id>
      <fpage>281</fpage>
      <lpage>300</lpage>
    </element-citation>
  </ref>
  <ref id="ref-vanDaal_et_al_2016">
    <element-citation publication-type="article-journal">
      <person-group person-group-type="author">
        <name><surname>van Daal</surname><given-names>T.</given-names></name>
        <name><surname>Lesterhuis</surname><given-names>M.</given-names></name>
        <name><surname>Coertjens</surname><given-names>L.</given-names></name>
        <name><surname>Donche</surname><given-names>V.</given-names></name>
        <name><surname>De Maeyer</surname><given-names>S.</given-names></name>
      </person-group>
      <article-title>Validity of comparative judgement to assess academic writing: Examining implications of its holistic character and building on a shared consensus</article-title>
      <source>Assessment in Education: Principles, Policy &amp; Practice</source>
      <year iso-8601-date="2019">2019</year>
      <volume>26</volume>
      <issue>1</issue>
      <pub-id pub-id-type="doi">10.1080/0969594X.2016.1253542</pub-id>
      <fpage>59</fpage>
      <lpage>74</lpage>
    </element-citation>
  </ref>
  <ref id="ref-Bartholomew_et_al_2018">
    <element-citation publication-type="article-journal">
      <person-group person-group-type="author">
        <name><surname>Bartholomew</surname><given-names>S.</given-names></name>
        <name><surname>Nadelson</surname><given-names>L.</given-names></name>
        <name><surname>Goodridge</surname><given-names>W.</given-names></name>
        <name><surname>Reeve</surname><given-names>E.</given-names></name>
      </person-group>
      <article-title>Adaptive comparative judgment as a tool for assessing open-ended design problems and model eliciting activities</article-title>
      <source>Educational Assessment</source>
      <publisher-name>Routledge</publisher-name>
      <year iso-8601-date="2018">2018</year>
      <volume>23</volume>
      <issue>2</issue>
      <uri></uri>
      <pub-id pub-id-type="doi">10.1080/10627197.2018.1444986</pub-id>
      <fpage>85</fpage>
      <lpage>101</lpage>
    </element-citation>
  </ref>
  <ref id="ref-Verhavert_et_al_2019">
    <element-citation publication-type="article-journal">
      <person-group person-group-type="author">
        <name><surname>Verhavert</surname><given-names>S.</given-names></name>
        <name><surname>Bouwer</surname><given-names>R.</given-names></name>
        <name><surname>Donche</surname><given-names>V</given-names></name>
        <name><surname>De Maeyer</surname><given-names>S.</given-names></name>
      </person-group>
      <article-title>A meta-analysis on the reliability of comparative judgement</article-title>
      <source>Assessment in Education: Principles, Policy and Practice</source>
      <year iso-8601-date="2019">2019</year>
      <volume>26</volume>
      <issue>5</issue>
      <uri></uri>
      <pub-id pub-id-type="doi">10.1080/0969594X.2019.1602027</pub-id>
      <fpage>541</fpage>
      <lpage>562</lpage>
    </element-citation>
  </ref>
  <ref id="ref-Boonen_et_al_2020">
    <element-citation publication-type="article-journal">
      <person-group person-group-type="author">
        <name><surname>Boonen</surname><given-names>N.</given-names></name>
        <name><surname>Kloots</surname><given-names>H.</given-names></name>
        <name><surname>Gillis</surname><given-names>S.</given-names></name>
      </person-group>
      <article-title>Rating the overall speech quality of hearing-impaired children by means of comparative judgements</article-title>
      <source>Journal of Communication Disorders</source>
      <year iso-8601-date="2020">2020</year>
      <volume>83</volume>
      <issue></issue>
      <uri></uri>
      <pub-id pub-id-type="doi">10.1016/j.jcomdis.2019.105969</pub-id>
      <fpage>1675</fpage>
      <lpage>1687</lpage>
    </element-citation>
  </ref>
  <ref id="ref-Marshall_et_al_2020">
    <element-citation publication-type="article-journal">
      <person-group person-group-type="author">
        <name><surname>Marshall</surname><given-names>N.</given-names></name>
        <name><surname>Shaw</surname><given-names>K</given-names></name>
        <name><surname>Hunter</surname><given-names>J.</given-names></name>
        <name><surname>Jones</surname><given-names>I.</given-names></name>
      </person-group>
      <article-title>Assessment by comparative judgement: An application to secondary statistics and english in new zealand</article-title>
      <source>New Zealand Journal of Educational Studies</source>
      <publisher-name>International Society for Bayesian Analysis</publisher-name>
      <year iso-8601-date="2020">2020</year>
      <volume>55</volume>
      <issue></issue>
      <uri></uri>
      <pub-id pub-id-type="doi">10.1007/s40841-020-00163-3</pub-id>
      <fpage>49</fpage>
      <lpage>71</lpage>
    </element-citation>
  </ref>
  <ref id="ref-Pearl_2009">
    <element-citation publication-type="book">
      <person-group person-group-type="author">
        <name><surname>Pearl</surname><given-names>J.</given-names></name>
      </person-group>
      <source>Causality: Models, reasoning and inference</source>
      <publisher-name>Cambrige University Press</publisher-name>
      <year iso-8601-date="2009">2009</year>
      <isbn></isbn>
      <uri></uri>
      <pub-id pub-id-type="doi"></pub-id>
    </element-citation>
  </ref>
  <ref id="ref-Lesterhuis_2018">
    <element-citation publication-type="thesis">
      <person-group person-group-type="author">
        <name><surname>Lesterhuis</surname><given-names>M.</given-names></name>
      </person-group>
      <article-title>The validity of comparative judgement for assessing text quality: An assessor’s perspective</article-title>
      <publisher-name>University of Antwerp</publisher-name>
      <year iso-8601-date="2018">2018</year>
    </element-citation>
  </ref>
  <ref id="ref-vanDaal_2020">
    <element-citation publication-type="thesis">
      <person-group person-group-type="author">
        <name><surname>van Daal</surname><given-names>T.</given-names></name>
      </person-group>
      <article-title>Making a choice is not easy?!: Unravelling the task difficulty of comparative judgement to assess student work</article-title>
      <publisher-name>University of Antwerp</publisher-name>
      <year iso-8601-date="2020">2020</year>
    </element-citation>
  </ref>
  <ref id="ref-Bartholomew_et_al_2020">
    <element-citation publication-type="chapter">
      <person-group person-group-type="author">
        <name><surname>Bartholomew</surname><given-names>S.</given-names></name>
        <name><surname>Williams</surname><given-names>P.</given-names></name>
      </person-group>
      <article-title>STEM skill assessment: An application of adaptive comparative judgment</article-title>
      <source>Integrated approaches to STEM education. Advances in STEM education</source>
      <person-group person-group-type="editor">
        <name><surname>Anderson</surname><given-names>J.</given-names></name>
        <name><surname>Li</surname><given-names>Y.</given-names></name>
      </person-group>
      <publisher-name>Springer</publisher-name>
      <year iso-8601-date="2020">2020</year>
      <volume></volume>
      <uri></uri>
      <pub-id pub-id-type="doi">10.1007/978-3-030-52229-2_18</pub-id>
      <fpage></fpage>
      <lpage></lpage>
    </element-citation>
  </ref>
</ref-list>
</back>



</article>