<?xml version="1.0" encoding="utf-8" ?>
<!DOCTYPE article PUBLIC "-//NLM//DTD JATS (Z39.96) Journal Archiving
and Interchange DTD v1.2 20190208//EN" "JATS-archivearticle1.dtd">

<article xmlns:mml="http://www.w3.org/1998/Math/MathML" xmlns:xlink="http://www.w3.org/1999/xlink" dtd-version="1.2" article-type="other">

<front>
<journal-meta>
<journal-id></journal-id>

<journal-title-group>
</journal-title-group>
<issn></issn>

<publisher>
<publisher-name></publisher-name>
</publisher>
</journal-meta>


<article-meta>


<title-group>
<article-title>Causes and effects in Dichotomous Comparative Judgments:
an information-theoretical system with plausible
mechanism</article-title>
</title-group>

<contrib-group>
<contrib contrib-type="author" corresp="yes">
<contrib-id contrib-id-type="orcid">0000-0002-3088-2783</contrib-id>
<name>
<surname>Rivera Espejo</surname>
<given-names>Jose Manuel</given-names>
</name>
<string-name>Jose Manuel Rivera Espejo</string-name>

<email>JoseManuel.RiveraEspejo@uantwerpen.be</email>
<role degree-contribution="lead" vocab="https://credit.niso.org" vocab-term="conceptualization" vocab-term-identifier="https://credit.niso.org/contributor-roles/conceptualization/">conceptualization</role>
<role degree-contribution="lead" vocab="https://credit.niso.org" vocab-term="methodology" vocab-term-identifier="https://credit.niso.org/contributor-roles/methodology/">methodology</role>
<role degree-contribution="only" vocab="https://credit.niso.org" vocab-term="software" vocab-term-identifier="https://credit.niso.org/contributor-roles/software/">software</role>
<role degree-contribution="only" vocab="https://credit.niso.org" vocab-term="validation" vocab-term-identifier="https://credit.niso.org/contributor-roles/validation/">validation</role>
<role degree-contribution="only" vocab="https://credit.niso.org" vocab-term="formal
analysis" vocab-term-identifier="https://credit.niso.org/contributor-roles/formal-analysis/">formal
analysis</role>
<role degree-contribution="only" vocab="https://credit.niso.org" vocab-term="investigation" vocab-term-identifier="https://credit.niso.org/contributor-roles/investigation/">investigation</role>
<role degree-contribution="no" vocab="https://credit.niso.org" vocab-term="resources" vocab-term-identifier="https://credit.niso.org/contributor-roles/resources/">resources</role>
<role degree-contribution="only" vocab="https://credit.niso.org" vocab-term="data
curation" vocab-term-identifier="https://credit.niso.org/contributor-roles/data-curation/">data
curation</role>
<role degree-contribution="only" vocab="https://credit.niso.org" vocab-term="writing
– original
draft" vocab-term-identifier="https://credit.niso.org/contributor-roles/writing-original-draft/">writing</role>
<role degree-contribution="no" vocab="https://credit.niso.org" vocab-term="writing
– review &amp;
editing" vocab-term-identifier="https://credit.niso.org/contributor-roles/writing-review-editing/">editing</role>
<role degree-contribution="only" vocab="https://credit.niso.org" vocab-term="visualization" vocab-term-identifier="https://credit.niso.org/contributor-roles/visualization/">visualization</role>
<role degree-contribution="no" vocab="https://credit.niso.org" vocab-term="supervision" vocab-term-identifier="https://credit.niso.org/contributor-roles/supervision/">supervision</role>
<role degree-contribution="no" vocab="https://credit.niso.org" vocab-term="project
administration" vocab-term-identifier="https://credit.niso.org/contributor-roles/project-administration/">project
administration</role>
<role degree-contribution="no">funding adquisition</role>
<xref ref-type="aff" rid="aff-1">a</xref>
<xref ref-type="corresp" rid="cor-1">&#x002A;</xref>
</contrib>
<contrib contrib-type="author">
<contrib-id contrib-id-type="orcid">https://orcid.org/0000-0001-9398-9775</contrib-id>
<name>
<surname>van Daal</surname>
<given-names>Tine</given-names>
</name>
<string-name>Tine van Daal</string-name>

<email>tine.vandaal@uantwerpen.be</email>
<role degree-contribution="support" vocab="https://credit.niso.org" vocab-term="conceptualization" vocab-term-identifier="https://credit.niso.org/contributor-roles/conceptualization/">conceptualization</role>
<role degree-contribution="support" vocab="https://credit.niso.org" vocab-term="methodology" vocab-term-identifier="https://credit.niso.org/contributor-roles/methodology/">methodology</role>
<role degree-contribution="no" vocab="https://credit.niso.org" vocab-term="software" vocab-term-identifier="https://credit.niso.org/contributor-roles/software/">software</role>
<role degree-contribution="no" vocab="https://credit.niso.org" vocab-term="validation" vocab-term-identifier="https://credit.niso.org/contributor-roles/validation/">validation</role>
<role degree-contribution="no" vocab="https://credit.niso.org" vocab-term="formal
analysis" vocab-term-identifier="https://credit.niso.org/contributor-roles/formal-analysis/">formal
analysis</role>
<role degree-contribution="no" vocab="https://credit.niso.org" vocab-term="investigation" vocab-term-identifier="https://credit.niso.org/contributor-roles/investigation/">investigation</role>
<role degree-contribution="support" vocab="https://credit.niso.org" vocab-term="resources" vocab-term-identifier="https://credit.niso.org/contributor-roles/resources/">resources</role>
<role degree-contribution="no" vocab="https://credit.niso.org" vocab-term="data
curation" vocab-term-identifier="https://credit.niso.org/contributor-roles/data-curation/">data
curation</role>
<role degree-contribution="no" vocab="https://credit.niso.org" vocab-term="writing
– original
draft" vocab-term-identifier="https://credit.niso.org/contributor-roles/writing-original-draft/">writing</role>
<role degree-contribution="support" vocab="https://credit.niso.org" vocab-term="writing
– review &amp;
editing" vocab-term-identifier="https://credit.niso.org/contributor-roles/writing-review-editing/">editing</role>
<role degree-contribution="no" vocab="https://credit.niso.org" vocab-term="visualization" vocab-term-identifier="https://credit.niso.org/contributor-roles/visualization/">visualization</role>
<role degree-contribution="no" vocab="https://credit.niso.org" vocab-term="supervision" vocab-term-identifier="https://credit.niso.org/contributor-roles/supervision/">supervision</role>
<role degree-contribution="no" vocab="https://credit.niso.org" vocab-term="project
administration" vocab-term-identifier="https://credit.niso.org/contributor-roles/project-administration/">project
administration</role>
<role degree-contribution="no">funding adquisition</role>
<xref ref-type="aff" rid="aff-1">a</xref>
</contrib>
<contrib contrib-type="author">
<contrib-id contrib-id-type="orcid">0000-0003-2888-1631</contrib-id>
<name>
<surname>De Maeyer</surname>
<given-names>Sven</given-names>
</name>
<string-name>Sven De Maeyer</string-name>

<email>sven.demaeyer@uantwerpen.be</email>
<role degree-contribution="support" vocab="https://credit.niso.org" vocab-term="conceptualization" vocab-term-identifier="https://credit.niso.org/contributor-roles/conceptualization/">conceptualization</role>
<role degree-contribution="support" vocab="https://credit.niso.org" vocab-term="methodology" vocab-term-identifier="https://credit.niso.org/contributor-roles/methodology/">methodology</role>
<role degree-contribution="no" vocab="https://credit.niso.org" vocab-term="software" vocab-term-identifier="https://credit.niso.org/contributor-roles/software/">software</role>
<role degree-contribution="no" vocab="https://credit.niso.org" vocab-term="validation" vocab-term-identifier="https://credit.niso.org/contributor-roles/validation/">validation</role>
<role degree-contribution="no" vocab="https://credit.niso.org" vocab-term="formal
analysis" vocab-term-identifier="https://credit.niso.org/contributor-roles/formal-analysis/">formal
analysis</role>
<role degree-contribution="no" vocab="https://credit.niso.org" vocab-term="investigation" vocab-term-identifier="https://credit.niso.org/contributor-roles/investigation/">investigation</role>
<role degree-contribution="support" vocab="https://credit.niso.org" vocab-term="resources" vocab-term-identifier="https://credit.niso.org/contributor-roles/resources/">resources</role>
<role degree-contribution="no" vocab="https://credit.niso.org" vocab-term="data
curation" vocab-term-identifier="https://credit.niso.org/contributor-roles/data-curation/">data
curation</role>
<role degree-contribution="no" vocab="https://credit.niso.org" vocab-term="writing
– original
draft" vocab-term-identifier="https://credit.niso.org/contributor-roles/writing-original-draft/">writing</role>
<role degree-contribution="support" vocab="https://credit.niso.org" vocab-term="writing
– review &amp;
editing" vocab-term-identifier="https://credit.niso.org/contributor-roles/writing-review-editing/">editing</role>
<role degree-contribution="no" vocab="https://credit.niso.org" vocab-term="visualization" vocab-term-identifier="https://credit.niso.org/contributor-roles/visualization/">visualization</role>
<role degree-contribution="yes" vocab="https://credit.niso.org" vocab-term="supervision" vocab-term-identifier="https://credit.niso.org/contributor-roles/supervision/">supervision</role>
<role degree-contribution="yes" vocab="https://credit.niso.org" vocab-term="project
administration" vocab-term-identifier="https://credit.niso.org/contributor-roles/project-administration/">project
administration</role>
<role degree-contribution="yes">funding adquisition</role>
<xref ref-type="aff" rid="aff-1">a</xref>
</contrib>
<contrib contrib-type="author">
<name>
<surname>Gillis</surname>
<given-names>Steven</given-names>
</name>
<string-name>Steven Gillis</string-name>

<email>steven.gillis@uantwerpen.be</email>
<role degree-contribution="support" vocab="https://credit.niso.org" vocab-term="conceptualization" vocab-term-identifier="https://credit.niso.org/contributor-roles/conceptualization/">conceptualization</role>
<role degree-contribution="no" vocab="https://credit.niso.org" vocab-term="methodology" vocab-term-identifier="https://credit.niso.org/contributor-roles/methodology/">methodology</role>
<role degree-contribution="no" vocab="https://credit.niso.org" vocab-term="software" vocab-term-identifier="https://credit.niso.org/contributor-roles/software/">software</role>
<role degree-contribution="no" vocab="https://credit.niso.org" vocab-term="validation" vocab-term-identifier="https://credit.niso.org/contributor-roles/validation/">validation</role>
<role degree-contribution="no" vocab="https://credit.niso.org" vocab-term="formal
analysis" vocab-term-identifier="https://credit.niso.org/contributor-roles/formal-analysis/">formal
analysis</role>
<role degree-contribution="no" vocab="https://credit.niso.org" vocab-term="investigation" vocab-term-identifier="https://credit.niso.org/contributor-roles/investigation/">investigation</role>
<role degree-contribution="support" vocab="https://credit.niso.org" vocab-term="resources" vocab-term-identifier="https://credit.niso.org/contributor-roles/resources/">resources</role>
<role degree-contribution="no" vocab="https://credit.niso.org" vocab-term="data
curation" vocab-term-identifier="https://credit.niso.org/contributor-roles/data-curation/">data
curation</role>
<role degree-contribution="no" vocab="https://credit.niso.org" vocab-term="writing
– original
draft" vocab-term-identifier="https://credit.niso.org/contributor-roles/writing-original-draft/">writing</role>
<role degree-contribution="support" vocab="https://credit.niso.org" vocab-term="writing
– review &amp;
editing" vocab-term-identifier="https://credit.niso.org/contributor-roles/writing-review-editing/">editing</role>
<role degree-contribution="no" vocab="https://credit.niso.org" vocab-term="visualization" vocab-term-identifier="https://credit.niso.org/contributor-roles/visualization/">visualization</role>
<role degree-contribution="yes" vocab="https://credit.niso.org" vocab-term="supervision" vocab-term-identifier="https://credit.niso.org/contributor-roles/supervision/">supervision</role>
<role degree-contribution="yes" vocab="https://credit.niso.org" vocab-term="project
administration" vocab-term-identifier="https://credit.niso.org/contributor-roles/project-administration/">project
administration</role>
<role degree-contribution="yes">funding adquisition</role>
<xref ref-type="aff" rid="aff-2">b</xref>
</contrib>
</contrib-group>
<aff id="aff-1">
<institution content-type="dept">Training and education
sciences</institution>
<institution-wrap>
<institution>University of Antwerp</institution>
</institution-wrap>







</aff>
<aff id="aff-2">
<institution content-type="dept">Linguistics</institution>
<institution-wrap>
<institution>University of Antwerp</institution>
</institution-wrap>







</aff>
<author-notes>
<corresp id="cor-1">JoseManuel.RiveraEspejo@uantwerpen.be</corresp>
</author-notes>

<pub-date date-type="pub" publication-format="electronic" iso-8601-date="2024-07-26">
<year>2024</year>
<month>7</month>
<day>26</day>
</pub-date>







<history></history>


<abstract>
<p>Dichotomous Comparative Judgment (DCJ) requires judges to compare
pairs of stimuli to determine which one exhibits a higher degree of a
specific trait. DCJ has proven effective and reliable across various
fields
(<xref alt="Pollitt 2012b" rid="ref-Pollitt_2012b" ref-type="bibr">Pollitt
2012b</xref>;
<xref alt="Jones 2015" rid="ref-Jones_2015" ref-type="bibr">Jones
2015</xref>;
<xref alt="van Daal et al. 2019" rid="ref-vanDaal_et_al_2016" ref-type="bibr">van
Daal et al. 2019</xref>;
<xref alt="Bartholomew et al. 2018" rid="ref-Bartholomew_et_al_2018" ref-type="bibr">Bartholomew
et al. 2018</xref>;
<xref alt="Lesterhuis 2018" rid="ref-Lesterhuis_2018" ref-type="bibr">Lesterhuis
2018</xref>;
<xref alt="Bartholomew and Williams 2020" rid="ref-Bartholomew_et_al_2020" ref-type="bibr">Bartholomew
and Williams 2020</xref>;
<xref alt="Marshall et al. 2020" rid="ref-Marshall_et_al_2020" ref-type="bibr">Marshall
et al. 2020</xref>;
<xref alt="Boonen, Kloots, and Gillis 2020" rid="ref-Boonen_et_al_2020" ref-type="bibr">Boonen,
Kloots, and Gillis 2020</xref>). However, despite the method’s
widespread use, existing literature lacks a clear explanation of the
complexities and assumptions underpinning the DCJ system, as well as the
plausible mechanisms through which DCJ data could be generated. This
study addresses these issues by representing DCJ within the framework of
causal inference. Specifically, utilizing the structural approach, the
study develops a scientific model to clarify the causal assumptions and
mechanisms inherent in the DCJ system. It then translates this model
into a probabilistic statistical framework to estimate statistical
relationships and infer causal effects within the system. This research
provides a robust probabilistic foundation for the statistical analysis
of DCJ data, building upon Thurstone’s law of comparative judgment
(<xref alt="1927" rid="ref-Thurstone_1927" ref-type="bibr">1927</xref>).
Its findings offer valuable insights for researchers and analysts
designing and implementing DCJ experiments.</p>
</abstract>
<kwd-group kwd-group-type="author">
<kwd>comparative judgement</kwd>
<kwd>directed acycilc graph</kwd>
<kwd>causal analysis</kwd>
<kwd>probabilistic statistics</kwd>
</kwd-group>


<funding-group>
<funding-statement>The project was founded through the Research Fund of
the University of Antwerp (BOF).</funding-statement>
</funding-group>


</article-meta>

</front>

<body>
<sec id="sec-introduction">
  <title>Introduction</title>
  <p>In contemporary contexts, Thurstone’s law of comparative judgment
  (<xref alt="1927" rid="ref-Thurstone_1927" ref-type="bibr">1927</xref>)
  primarily refers to the method of <italic>dichotomous</italic>
  comparative judgment (DCJ,
  <xref alt="Pollitt 2012a" rid="ref-Pollitt_2012a" ref-type="bibr">Pollitt
  2012a</xref>,
  <xref alt="2012b" rid="ref-Pollitt_2012b" ref-type="bibr">2012b</xref>).
  In DCJ, a judge assesses the relative manifestation of a
  <italic>trait</italic> within a pair of stimuli. This assessment
  results in a dichotomous value indicating which stimulus possesses a
  higher degree of the trait. After different judges perform multiple
  rounds of pairwise comparisons, an outcome vector is produced. This
  vector is modeled using the Bradley-Terry-Luce model (BTL,
  <xref alt="Bradley and Terry 1952" rid="ref-Bradley_et_al_1952" ref-type="bibr">Bradley
  and Terry 1952</xref>;
  <xref alt="Luce 1959" rid="ref-Luce_1959" ref-type="bibr">Luce
  1959</xref>), which creates a score that corresponds with the trait of
  interest. This score is then used to rank the stimuli from lowest to
  highest or to evaluate the influence of certain variables on the
  stimuli’s positions in the ranking.</p>
  <p>DCJ has proven effective in assessing competencies and traits
  predominantly within the educational realm, as demonstrated by Pollitt
  (<xref alt="2012b" rid="ref-Pollitt_2012b" ref-type="bibr">2012b</xref>),
  Jones
  (<xref alt="2015" rid="ref-Jones_2015" ref-type="bibr">2015</xref>),
  van Daal et al.
  (<xref alt="2019" rid="ref-vanDaal_et_al_2016" ref-type="bibr">2019</xref>),
  Bartholomew et al.
  (<xref alt="2018" rid="ref-Bartholomew_et_al_2018" ref-type="bibr">2018</xref>),
  Lesterhuis
  (<xref alt="2018" rid="ref-Lesterhuis_2018" ref-type="bibr">2018</xref>),
  Bartholomew and Williams
  (<xref alt="2020" rid="ref-Bartholomew_et_al_2020" ref-type="bibr">2020</xref>),
  and Marshall et al.
  (<xref alt="2020" rid="ref-Marshall_et_al_2020" ref-type="bibr">2020</xref>).
  However, its application transcends education, as exemplified by
  Boonen, Kloots, and Gillis
  (<xref alt="2020" rid="ref-Boonen_et_al_2020" ref-type="bibr">2020</xref>).
  The methodology has also evolved to include multiple, as opposed to
  pairwise comparisons
  (<xref alt="Luce 1959" rid="ref-Luce_1959" ref-type="bibr">Luce
  1959</xref>;
  <xref alt="Plackett 1975" rid="ref-Placket_1975" ref-type="bibr">Plackett
  1975</xref>), and to accommodate comparisons with ordinal outcomes
  (<xref alt="Tutz 1986" rid="ref-Tutz_1986" ref-type="bibr">Tutz
  1986</xref>;
  <xref alt="Agresti 1992" rid="ref-Agresti_1992" ref-type="bibr">Agresti
  1992</xref>). Overall, research suggests that DCJ offers an
  alternative and efficient approach to measurement and evaluation,
  characterized by its reliability and validity
  (<xref alt="Lesterhuis 2018" rid="ref-Lesterhuis_2018" ref-type="bibr">Lesterhuis
  2018</xref>;
  <xref alt="van Daal 2020" rid="ref-vanDaal_2020" ref-type="bibr">van
  Daal 2020</xref>;
  <xref alt="Marshall et al. 2020" rid="ref-Marshall_et_al_2020" ref-type="bibr">Marshall
  et al. 2020</xref>). Nevertheless, despite the method’s widespread
  use, existing literature lacks a clear representation of the plausible
  mechanisms through which DCJ data could be generated. Particularly,
  there is no depiction of the complexity and the assumptions
  underpinning the DCJ system, nor how different assessment factors can
  potentially influence the observed DCJ outcome.</p>
  <p>According to Verhavert et al.
  (<xref alt="2019" rid="ref-Verhavert_et_al_2019" ref-type="bibr">2019</xref>)
  and van Daal
  (<xref alt="2020" rid="ref-vanDaal_2020" ref-type="bibr">2020</xref>),
  several assessment factors interact and influence the method’s
  outcome. These factors include the number and characteristics of the
  stimuli, their <italic>proximity</italic> in terms of the assessed
  trait, the number of comparison per stimulus, and the pairing
  algorithm used. Furthermore, since the method relies on judges’
  assessments, the number and characteristics of judges, their
  <italic>discrimination</italic> abilities, and the number of
  comparisons per judge also play pivotal roles. Moreover, when the
  stimuli represent sub-units of higher-levels units, factors such as
  the number and characteristics of these units, along with their
  <italic>proximity</italic> in terms of the assessed trait, can
  significantly influence the outcome. For instance, van Daal et al.
  (<xref alt="2019" rid="ref-vanDaal_et_al_2016" ref-type="bibr">2019</xref>)
  assessed academic writing skills of university students (units) using
  multiple argumentative essays (sub-units).</p>
  <p>Although several studies have examined the individual impact of
  these factors on the method’s reliability
  (<xref alt="Bramley 2015" rid="ref-Bramley_2015" ref-type="bibr">Bramley
  2015</xref>;
  <xref alt="Pollitt 2012b" rid="ref-Pollitt_2012b" ref-type="bibr">Pollitt
  2012b</xref>;
  <xref alt="Bramley and Vitello 2019" rid="ref-Bramley_et_al_2019" ref-type="bibr">Bramley
  and Vitello 2019</xref>;
  <xref alt="Verhavert et al. 2019" rid="ref-Verhavert_et_al_2019" ref-type="bibr">Verhavert
  et al. 2019</xref>;
  <xref alt="Crompvoets, Béguin, and Sijtsma 2022" rid="ref-Crompvoets_et_al_2022" ref-type="bibr">Crompvoets,
  Béguin, and Sijtsma 2022</xref>;
  <xref alt="van Daal et al. 2017" rid="ref-vanDaal_et_al_2017" ref-type="bibr">van
  Daal et al. 2017</xref>;
  <xref alt="Gijsen et al. 2021" rid="ref-Gijsen_et_al_2021" ref-type="bibr">Gijsen
  et al. 2021</xref>), none, to the best of the authors’ knowledge, have
  provided a transparent depiction of the DCJ system and the mechanisms
  generating the DCJ outcome. This study aims to fill this gap by
  representing DCJ within the framework of causal inference.
  Specifically, utilizing the structural approach
  (<xref alt="Wright 1927" rid="ref-Wright_1921" ref-type="bibr">Wright
  1927</xref>;
  <xref alt="Pearl 2009" rid="ref-Pearl_2009" ref-type="bibr">Pearl
  2009</xref>;
  <xref alt="Pearl, Glymour, and Jewell 2016" rid="ref-Pearl_et_al_2016" ref-type="bibr">Pearl,
  Glymour, and Jewell 2016</xref>), the study develops a scientific
  model to clarify the causal assumptions and mechanisms inherent in the
  DCJ system. Next, using a minimal set of assumptions, the study
  translates the scientific model into a probabilistic statistical
  model. This model aims to produce statistical estimates to draw
  inferences about plausible causal relationships within the DCJ
  system.</p>
  <p>Ultimately, this research provides a robust probabilistic
  foundation for the statistical analysis of DCJ data, building upon
  Thurstone’s law of comparative judgment
  (<xref alt="1927" rid="ref-Thurstone_1927" ref-type="bibr">1927</xref>).
  Consequently, its findings offer valuable insights for researchers and
  analysts designing and implementing DCJ experiments.</p>
</sec>
<sec id="sec-background">
  <title>Theoretical background</title>
  <sec id="sec-background-structural">
    <title>The structural approach to causal inference</title>
    <p>In statistics, <italic>causal inference</italic> refers to the
    process of identifying the causes of a phenomenon and estimating
    their effects using data
    (<xref alt="Shaughnessy, Zechmeister, and Zechmeister 2010" rid="ref-Shaughnessy_et_al_2010" ref-type="bibr">Shaughnessy,
    Zechmeister, and Zechmeister 2010</xref>;
    <xref alt="Neal 2020" rid="ref-Neal_2020" ref-type="bibr">Neal
    2020</xref>). Unlike classical statistical modeling, which focuses
    solely on summarizing data and inferring associations, causal
    inference provides a coherent mathematical notation for analyzing
    causes and counterfactuals
    (<xref alt="Pearl 2009" rid="ref-Pearl_2009" ref-type="bibr">Pearl
    2009</xref>).</p>
    <p>Counterfactuals represent scenarios <italic>contrary to
    fact</italic>, where alternative <italic>potential</italic> outcomes
    resulting from a cause are neither observed nor observable
    (<xref alt="Neal 2020" rid="ref-Neal_2020" ref-type="bibr">Neal
    2020</xref>;
    <xref alt="Counterfactual 2024" rid="ref-Counterfactual_2024" ref-type="bibr">Counterfactual
    2024</xref>). According to Pearl and Mackenzie
    (<xref alt="2018" rid="ref-Pearl_et_al_2018" ref-type="bibr">2018</xref>),
    counterfactuals form the foundation of causal inference and occupy
    the highest level of cognitive abstraction in the ladder of
    causation, followed by intervention and association. Despite this
    abstract nature, counterfactuals enable the development of a
    <italic>theory of the world</italic> that explains why specific
    causes have specific effects and what occurs in their absence
    (<xref alt="Pearl and Mackenzie 2018" rid="ref-Pearl_et_al_2018" ref-type="bibr">Pearl
    and Mackenzie 2018</xref>). They achieve this by translating causal
    statements into counterfactual statements, that is, statements about
    “what would have happened in the world under different
    circumstances.”</p>
    <p>Several approaches to causal inference and counterfactuals exist,
    but two are particularly prominent: the potential outcomes approach,
    also known as the Neyman-Rubin causal model
    (<xref alt="Neyman 1923" rid="ref-Neyman_et_al_1923" ref-type="bibr">Neyman
    1923</xref>;
    <xref alt="Rubin 1974" rid="ref-Rubin_1974" ref-type="bibr">Rubin
    1974</xref>), and the structural approach
    (<xref alt="Wright 1927" rid="ref-Wright_1921" ref-type="bibr">Wright
    1927</xref>;
    <xref alt="Pearl 2009" rid="ref-Pearl_2009" ref-type="bibr">Pearl
    2009</xref>;
    <xref alt="Pearl, Glymour, and Jewell 2016" rid="ref-Pearl_et_al_2016" ref-type="bibr">Pearl,
    Glymour, and Jewell 2016</xref>). Both approaches employ rigorous
    mathematical notation to characterize causal inference, but they do
    so in different ways
    (<xref alt="Neal 2020" rid="ref-Neal_2020" ref-type="bibr">Neal
    2020</xref>). The potential outcomes approach relies on
    counterfactual notation, whereas the structural approach employs the
    do-operator and structural causal models (SCM,
    <xref alt="Pearl 2009" rid="ref-Pearl_2009" ref-type="bibr">Pearl
    2009</xref>;
    <xref alt="Pearl, Glymour, and Jewell 2016" rid="ref-Pearl_et_al_2016" ref-type="bibr">Pearl,
    Glymour, and Jewell 2016</xref>). Despite these differences, both
    notations can be expressed in terms of the other, and both
    approaches provide methods for using experimental and observational
    data to estimate causal effects
    (<xref alt="Pearl 2010" rid="ref-Pearl_2010" ref-type="bibr">Pearl
    2010</xref>).</p>
    <p>Nevertheless, the structural approach offers an additional key
    advantage over the potential outcomes approach: it enables the
    graphical representation of any system through directed acyclic
    graphs (DAG,
    <xref alt="Gross, Yellen, and Anderson 2018" rid="ref-Gross_et_al_2018" ref-type="bibr">Gross,
    Yellen, and Anderson 2018</xref>;
    <xref alt="Neal 2020" rid="ref-Neal_2020" ref-type="bibr">Neal
    2020</xref>). DAGs are heuristics that can effectively convey the
    assumed causal structure of a system. They do not represent detailed
    statistical models but allow researchers to deduce which statistical
    models can provide valid causal inferences, assuming the causal
    structure depicted in the DAG is accurate
    (<xref alt="McElreath 2020" rid="ref-McElreath_2020" ref-type="bibr">McElreath
    2020</xref>).</p>
  </sec>
  <sec id="sec-background-dag">
    <title>DAGs, SCMs, and the flow of association and causation</title>
    <fig id="fig-ACflow">
      <caption><p>Figure 1: The flow of association and causation in
      graphs. Extracted from Neal
      (<xref alt="2020, 31" rid="ref-Neal_2020" ref-type="bibr">2020,
      31</xref>)</p></caption>
      <graphic mimetype="image" mime-subtype="png" xlink:href="images/figures/ACflow.png" />
    </fig>
  </sec>
  <sec id="sec-background-where">
    <title>But where does it all fit?</title>
    <fig id="fig-IEflow">
      <caption><p>Figure 2: Identification-Estimation flowchart.
      Extracted from Neal
      (<xref alt="2020, 32" rid="ref-Neal_2020" ref-type="bibr">2020,
      32</xref>)</p></caption>
      <graphic mimetype="image" mime-subtype="png" xlink:href="images/figures/IEflow.png" />
    </fig>
  </sec>
</sec>
<sec id="sec-theory">
  <title>Theoretical framework</title>
  <sec id="sec-theory-scientific">
    <title>A scientific model for the DCJ</title>
    <fig id="fig-SciModel_simp1">
      <caption><p>Figure 3: DCJ causal diagram, simplified
      description</p></caption>
      <graphic mimetype="image" mime-subtype="png" xlink:href="images/figures/SciModel_simp1.png" />
    </fig>
    <fig id="fig-SciModel_simp2">
      <caption><p>Figure 4: DCJ causal diagram, simplified mathematical
      description</p></caption>
      <graphic mimetype="image" mime-subtype="png" xlink:href="images/figures/SciModel_simp2.png" />
    </fig>
    <fig id="fig-SciModel_pop">
      <caption><p>Figure 5: DCJ causal diagram, population mathematical
      description</p></caption>
      <graphic mimetype="image" mime-subtype="png" xlink:href="images/figures/SciModel_pop.png" />
    </fig>
    <fig id="fig-SciModel_samp">
      <caption><p>Figure 6: DCJ causal diagram, sample with comparisons
      mathematical description</p></caption>
      <graphic mimetype="image" mime-subtype="png" xlink:href="images/figures/SciModel_samp.png" />
    </fig>
  </sec>
  <sec id="sec-theory-probability">
    <title>Probabilitics assumptions of the scientific model</title>
  </sec>
  <sec id="sec-theory-statistics">
    <title>From the scientific to statistical model</title>
  </sec>
  <sec id="sec-theory-thurstone">
    <title>Let’s talk about Thurstone</title>
  </sec>
</sec>
<sec id="sec-discuss">
  <title>Discussion</title>
  <sec id="sec-discuss-finding">
    <title>Findings</title>
  </sec>
  <sec id="sec-discuss-limitations">
    <title>Limitations and further research</title>
  </sec>
</sec>
<sec id="sec-conclusion">
  <title>Conclusion</title>
  <p></p>
</sec>
<sec id="declarations">
  <title>Declarations</title>
  <p><bold>Funding:</bold> The project was founded through the Research
  Fund of the University of Antwerp (BOF).</p>
  <p><bold>Financial interests:</bold> The authors have no relevant
  financial interest to disclose.</p>
  <p><bold>Non-financial interests:</bold> Author XX serve on advisory
  broad of Company Y but receives no compensation this role.</p>
  <p><bold>Ethics approval:</bold> The University of Antwerp Research
  Ethics Committee has confirmed that no ethical approval is
  required.</p>
  <p><bold>Consent to participate:</bold> Not applicable</p>
  <p><bold>Consent for publication:</bold> All authors have read and
  agreed to the published version of the manuscript.</p>
  <p><bold>Availability of data and materials:</bold> No data was
  utilized in this study.</p>
  <p><bold>Code availability:</bold> All the code utilized in this
  research is available in the digital document located at:
  <ext-link ext-link-type="uri" xlink:href="https://jriveraespejo.github.io/paper2_manuscript/">https://jriveraespejo.github.io/paper2_manuscript/</ext-link>.</p>
  <p><bold>Authors’ contributions:</bold>
  <italic>Conceptualization:</italic> S.G., S.DM., T.vD., and J.M.R.E;
  <italic>Methodology:</italic> S.DM., T.vD., and J.M.R.E;
  <italic>Software:</italic> J.M.R.E.; <italic>Validation:</italic>
  J.M.R.E.; <italic>Formal Analysis:</italic> J.M.R.E.;
  <italic>Investigation:</italic> J.M.R.E; <italic>Resources:</italic>
  S.G., S.DM., and T.vD.; <italic>Data curation:</italic> J.M.R.E.;
  <italic>Writing - original draft:</italic> J.M.R.E.; <italic>Writing -
  review &amp; editing:</italic> S.G., S.DM., and T.vD.;
  <italic>Visualization:</italic> J.M.R.E.;
  <italic>Supervision:</italic> S.G. and S.DM.; <italic>Project
  administration:</italic> S.G. and S.DM.; <italic>Funding
  acquisition:</italic> S.G. and S.DM.</p>
  <p></p>
</sec>
<sec id="sec-appendix">
  <title>Appendix</title>
  <sec id="sec-appA">
    <title>Additional definitions</title>
  </sec>
  <sec id="sec-appB">
    <title>Why do we need to estimate judges’ abilities?</title>
    <p></p>
  </sec>
  <sec id="references">
    <title>References</title>
    <ref-list>
      <ref id="ref-Wright_1921">
        <element-citation publication-type="article-journal">
          <person-group person-group-type="author">
            <name><surname>Wright</surname><given-names>S.</given-names></name>
          </person-group>
          <article-title>Correlation and causation</article-title>
          <source>Correlation and causation</source>
          <year iso-8601-date="1927">1927</year>
          <volume>20</volume>
          <issue>7</issue>
          <uri>https://books.google.co.ao/books/about/Journal_of_Agricultural_Research.html?hl=pt-PT&amp;id=lNNdIV_qpwIC</uri>
          <pub-id pub-id-type="doi"></pub-id>
          <fpage>557</fpage>
          <lpage>585</lpage>
        </element-citation>
      </ref>
      <ref id="ref-Neyman_et_al_1923">
        <element-citation publication-type="article-journal">
          <person-group person-group-type="author">
            <name><surname>Neyman</surname><given-names>J.</given-names></name>
          </person-group>
          <article-title>On the application of probability theory to agricultural experiments. Essay on principles. Section 9</article-title>
          <source>Statistical Science</source>
          <publisher-name>Institute of Mathematical Statistics</publisher-name>
          <year iso-8601-date="1923">1923</year>
          <volume>5</volume>
          <issue>4</issue>
          <uri>http://www.jstor.org/stable/2245382</uri>
          <pub-id pub-id-type="doi"></pub-id>
          <fpage>465</fpage>
          <lpage>472</lpage>
        </element-citation>
      </ref>
      <ref id="ref-Thurstone_1927">
        <element-citation publication-type="article-journal">
          <person-group person-group-type="author">
            <name><surname>Thurstone</surname><given-names>L.</given-names></name>
          </person-group>
          <article-title>A law of comparative judgment</article-title>
          <source>Psychological Review</source>
          <year iso-8601-date="1927">1927</year>
          <volume>34</volume>
          <issue>4</issue>
          <uri></uri>
          <pub-id pub-id-type="doi">10.1037/h0070288</pub-id>
          <fpage>482</fpage>
          <lpage>499</lpage>
        </element-citation>
      </ref>
      <ref id="ref-Bradley_et_al_1952">
        <element-citation publication-type="article-journal">
          <person-group person-group-type="author">
            <name><surname>Bradley</surname><given-names>R.</given-names></name>
            <name><surname>Terry</surname><given-names>M.</given-names></name>
          </person-group>
          <article-title>Rank analysis of incomplete block designs: I. The method of paired comparisons</article-title>
          <source>Biometrika</source>
          <year iso-8601-date="1952">1952</year>
          <volume>39</volume>
          <issue>3-4</issue>
          <uri>http://www.jstor.com/stable/2334029</uri>
          <pub-id pub-id-type="doi">10.2307/2334029</pub-id>
          <fpage>324</fpage>
          <lpage>345</lpage>
        </element-citation>
      </ref>
      <ref id="ref-Luce_1959">
        <element-citation publication-type="article-journal">
          <person-group person-group-type="author">
            <name><surname>Luce</surname><given-names>R.</given-names></name>
          </person-group>
          <article-title>On the possible psychophysical laws</article-title>
          <source>The Psychologcal Review</source>
          <year iso-8601-date="1959">1959</year>
          <volume>66</volume>
          <issue>2</issue>
          <uri></uri>
          <pub-id pub-id-type="doi">10.1037/h0043178</pub-id>
          <fpage>482</fpage>
          <lpage>499</lpage>
        </element-citation>
      </ref>
      <ref id="ref-Rubin_1974">
        <element-citation publication-type="article-journal">
          <person-group person-group-type="author">
            <name><surname>Rubin</surname><given-names>D.</given-names></name>
          </person-group>
          <article-title>Estimating causal effects of treatments in randomized and nonrandomized studies</article-title>
          <source>Journal of Educational Psychology</source>
          <year iso-8601-date="1974">1974</year>
          <volume>66</volume>
          <issue>5</issue>
          <uri></uri>
          <pub-id pub-id-type="doi">10.1037/h0037350</pub-id>
          <fpage>688</fpage>
          <lpage>701</lpage>
        </element-citation>
      </ref>
      <ref id="ref-Placket_1975">
        <element-citation publication-type="article-journal">
          <person-group person-group-type="author">
            <name><surname>Plackett</surname><given-names>R.</given-names></name>
          </person-group>
          <article-title>The analysis of permutations</article-title>
          <source>Journal of the Royal Statistical Society</source>
          <year iso-8601-date="1975">1975</year>
          <volume>24</volume>
          <issue>2</issue>
          <uri>https://www.jstor.org/stable/2346567</uri>
          <pub-id pub-id-type="doi">10.2307/2346567</pub-id>
          <fpage>193</fpage>
          <lpage>202</lpage>
        </element-citation>
      </ref>
      <ref id="ref-Tutz_1986">
        <element-citation publication-type="article-journal">
          <person-group person-group-type="author">
            <name><surname>Tutz</surname><given-names>G.</given-names></name>
          </person-group>
          <article-title>Bradley-terry-luce model with an ordered response</article-title>
          <source>Journal of Mathemathical Psychology</source>
          <year iso-8601-date="1986">1986</year>
          <volume>30</volume>
          <issue>3</issue>
          <uri></uri>
          <pub-id pub-id-type="doi">10.1016/0022-2496(86)90034-9</pub-id>
          <fpage>306</fpage>
          <lpage>316</lpage>
        </element-citation>
      </ref>
      <ref id="ref-Agresti_1992">
        <element-citation publication-type="article-journal">
          <person-group person-group-type="author">
            <name><surname>Agresti</surname><given-names>A.</given-names></name>
          </person-group>
          <article-title>Analysis of ordinal paired comparison data</article-title>
          <source>Journal of the Royal Statistical Society</source>
          <year iso-8601-date="1992">1992</year>
          <volume>41</volume>
          <issue>2</issue>
          <uri>https://www.jstor.org/stable/2347562</uri>
          <pub-id pub-id-type="doi">10.2307/2347562</pub-id>
          <fpage>287</fpage>
          <lpage>297</lpage>
        </element-citation>
      </ref>
      <ref id="ref-Pearl_2010">
        <element-citation publication-type="article-journal">
          <person-group person-group-type="author">
            <name><surname>Pearl</surname><given-names>J.</given-names></name>
          </person-group>
          <article-title>An introduction to causal inference</article-title>
          <source>The international journal of biostatistics</source>
          <year iso-8601-date="2010">2010</year>
          <volume>6</volume>
          <issue>2</issue>
          <uri>https://www.degruyter.com/document/doi/10.2202/1557-4679.1203/html</uri>
          <pub-id pub-id-type="doi">10.2202/1557-4679.1203</pub-id>
          <fpage>855</fpage>
          <lpage>859</lpage>
        </element-citation>
      </ref>
      <ref id="ref-Pollitt_2012a">
        <element-citation publication-type="article-journal">
          <person-group person-group-type="author">
            <name><surname>Pollitt</surname><given-names>A.</given-names></name>
          </person-group>
          <article-title>Comparative judgement for assessment</article-title>
          <source>International Journal of Technology and Design Education</source>
          <year iso-8601-date="2012">2012</year>
          <volume>22</volume>
          <issue>2</issue>
          <uri></uri>
          <pub-id pub-id-type="doi">10.1007/s10798-011-9189-x</pub-id>
          <fpage>157</fpage>
          <lpage>170</lpage>
        </element-citation>
      </ref>
      <ref id="ref-Pollitt_2012b">
        <element-citation publication-type="article-journal">
          <person-group person-group-type="author">
            <name><surname>Pollitt</surname><given-names>A.</given-names></name>
          </person-group>
          <article-title>The method of adaptive comparative judgement</article-title>
          <source>Assessment in Education: Principles, Policy and Practice</source>
          <year iso-8601-date="2012">2012</year>
          <volume>19</volume>
          <issue>3</issue>
          <uri></uri>
          <pub-id pub-id-type="doi">10.1080/0969594X.2012.665354</pub-id>
          <fpage>281</fpage>
          <lpage>300</lpage>
        </element-citation>
      </ref>
      <ref id="ref-Jones_2015">
        <element-citation publication-type="article-journal">
          <person-group person-group-type="author">
            <name><surname>Jones</surname><given-names>I.</given-names></name>
          </person-group>
          <article-title>The problem of assessing problem solving: Can comparative judgement help?</article-title>
          <source>Educational Studies in Mathematics</source>
          <year iso-8601-date="2015">2015</year>
          <volume>89</volume>
          <issue>3</issue>
          <uri></uri>
          <pub-id pub-id-type="doi">10.1007/s10649-015-9607-1</pub-id>
          <fpage>337</fpage>
          <lpage>355</lpage>
        </element-citation>
      </ref>
      <ref id="ref-vanDaal_et_al_2016">
        <element-citation publication-type="article-journal">
          <person-group person-group-type="author">
            <name><surname>van Daal</surname><given-names>T.</given-names></name>
            <name><surname>Lesterhuis</surname><given-names>M.</given-names></name>
            <name><surname>Coertjens</surname><given-names>L.</given-names></name>
            <name><surname>Donche</surname><given-names>V.</given-names></name>
            <name><surname>De Maeyer</surname><given-names>S.</given-names></name>
          </person-group>
          <article-title>Validity of comparative judgement to assess academic writing: Examining implications of its holistic character and building on a shared consensus</article-title>
          <source>Assessment in Education: Principles, Policy &amp; Practice</source>
          <year iso-8601-date="2019">2019</year>
          <volume>26</volume>
          <issue>1</issue>
          <pub-id pub-id-type="doi">10.1080/0969594X.2016.1253542</pub-id>
          <fpage>59</fpage>
          <lpage>74</lpage>
        </element-citation>
      </ref>
      <ref id="ref-vanDaal_et_al_2017">
        <element-citation publication-type="article-journal">
          <person-group person-group-type="author">
            <name><surname>van Daal</surname><given-names>T.</given-names></name>
            <name><surname>Lesterhuis</surname><given-names>M.</given-names></name>
            <name><surname>Coertjens</surname><given-names>L.</given-names></name>
            <name><surname>van de Kamp</surname><given-names>MT.</given-names></name>
            <name><surname>Donche</surname><given-names>V.</given-names></name>
            <name><surname>De Maeyer</surname><given-names>Sven</given-names></name>
          </person-group>
          <article-title>The complexity of assessing student work using comparative judgment: The moderating role of decision accuracy</article-title>
          <source>Frontiers in Education</source>
          <year iso-8601-date="2017">2017</year>
          <volume>2</volume>
          <uri>https://www.frontiersin.org/articles/10.3389/feduc.2017.00044</uri>
          <pub-id pub-id-type="doi">10.3389/feduc.2017.00044</pub-id>
        </element-citation>
      </ref>
      <ref id="ref-Bartholomew_et_al_2018">
        <element-citation publication-type="article-journal">
          <person-group person-group-type="author">
            <name><surname>Bartholomew</surname><given-names>S.</given-names></name>
            <name><surname>Nadelson</surname><given-names>L.</given-names></name>
            <name><surname>Goodridge</surname><given-names>W.</given-names></name>
            <name><surname>Reeve</surname><given-names>E.</given-names></name>
          </person-group>
          <article-title>Adaptive comparative judgment as a tool for assessing open-ended design problems and model eliciting activities</article-title>
          <source>Educational Assessment</source>
          <publisher-name>Routledge</publisher-name>
          <year iso-8601-date="2018">2018</year>
          <volume>23</volume>
          <issue>2</issue>
          <uri></uri>
          <pub-id pub-id-type="doi">10.1080/10627197.2018.1444986</pub-id>
          <fpage>85</fpage>
          <lpage>101</lpage>
        </element-citation>
      </ref>
      <ref id="ref-Bramley_et_al_2019">
        <element-citation publication-type="article-journal">
          <person-group person-group-type="author">
            <name><surname>Bramley</surname><given-names>T.</given-names></name>
            <name><surname>Vitello</surname><given-names>S.</given-names></name>
          </person-group>
          <article-title>The effect of adaptivity on the reliability coefficient in adaptive comparative judgement</article-title>
          <source>Assessment in Education: Principles, Policy and Practice</source>
          <year iso-8601-date="2019">2019</year>
          <volume>71</volume>
          <issue>9</issue>
          <pub-id pub-id-type="doi">10.1080/0969594X.2017.1418734</pub-id>
          <fpage>1</fpage>
          <lpage>25</lpage>
        </element-citation>
      </ref>
      <ref id="ref-Verhavert_et_al_2019">
        <element-citation publication-type="article-journal">
          <person-group person-group-type="author">
            <name><surname>Verhavert</surname><given-names>S.</given-names></name>
            <name><surname>Bouwer</surname><given-names>R.</given-names></name>
            <name><surname>Donche</surname><given-names>V</given-names></name>
            <name><surname>De Maeyer</surname><given-names>S.</given-names></name>
          </person-group>
          <article-title>A meta-analysis on the reliability of comparative judgement</article-title>
          <source>Assessment in Education: Principles, Policy and Practice</source>
          <year iso-8601-date="2019">2019</year>
          <volume>26</volume>
          <issue>5</issue>
          <uri></uri>
          <pub-id pub-id-type="doi">10.1080/0969594X.2019.1602027</pub-id>
          <fpage>541</fpage>
          <lpage>562</lpage>
        </element-citation>
      </ref>
      <ref id="ref-Boonen_et_al_2020">
        <element-citation publication-type="article-journal">
          <person-group person-group-type="author">
            <name><surname>Boonen</surname><given-names>N.</given-names></name>
            <name><surname>Kloots</surname><given-names>H.</given-names></name>
            <name><surname>Gillis</surname><given-names>S.</given-names></name>
          </person-group>
          <article-title>Rating the overall speech quality of hearing-impaired children by means of comparative judgements</article-title>
          <source>Journal of Communication Disorders</source>
          <year iso-8601-date="2020">2020</year>
          <volume>83</volume>
          <issue></issue>
          <uri></uri>
          <pub-id pub-id-type="doi">10.1016/j.jcomdis.2019.105969</pub-id>
          <fpage>1675</fpage>
          <lpage>1687</lpage>
        </element-citation>
      </ref>
      <ref id="ref-Marshall_et_al_2020">
        <element-citation publication-type="article-journal">
          <person-group person-group-type="author">
            <name><surname>Marshall</surname><given-names>N.</given-names></name>
            <name><surname>Shaw</surname><given-names>K</given-names></name>
            <name><surname>Hunter</surname><given-names>J.</given-names></name>
            <name><surname>Jones</surname><given-names>I.</given-names></name>
          </person-group>
          <article-title>Assessment by comparative judgement: An application to secondary statistics and english in new zealand</article-title>
          <source>New Zealand Journal of Educational Studies</source>
          <publisher-name>International Society for Bayesian Analysis</publisher-name>
          <year iso-8601-date="2020">2020</year>
          <volume>55</volume>
          <issue></issue>
          <uri></uri>
          <pub-id pub-id-type="doi">10.1007/s40841-020-00163-3</pub-id>
          <fpage>49</fpage>
          <lpage>71</lpage>
        </element-citation>
      </ref>
      <ref id="ref-Gijsen_et_al_2021">
        <element-citation publication-type="article-journal">
          <person-group person-group-type="author">
            <name><surname>Gijsen</surname><given-names>M.</given-names></name>
            <name><surname>van Daal</surname><given-names>T.</given-names></name>
            <name><surname>Lesterhuis</surname><given-names>Marije</given-names></name>
            <name><surname>Gijbels</surname><given-names>David</given-names></name>
            <name><surname>De Maeyer</surname><given-names>Sven</given-names></name>
          </person-group>
          <article-title>The complexity of comparative judgments in assessing argumentative writing: An eye tracking study</article-title>
          <source>Frontiers in Education</source>
          <year iso-8601-date="2021">2021</year>
          <volume>5</volume>
          <uri>url{https://www.frontiersin.org/articles/10.3389/feduc.2020.582800}</uri>
          <pub-id pub-id-type="doi">10.3389/feduc.2020.582800</pub-id>
        </element-citation>
      </ref>
      <ref id="ref-Crompvoets_et_al_2022">
        <element-citation publication-type="article-journal">
          <person-group person-group-type="author">
            <name><surname>Crompvoets</surname><given-names>Elise A. V.</given-names></name>
            <name><surname>Béguin</surname><given-names>Anton A.</given-names></name>
            <name><surname>Sijtsma</surname><given-names>Klaas</given-names></name>
          </person-group>
          <article-title>On the bias and stability of the results of comparative judgment</article-title>
          <source>Frontiers in Education</source>
          <year iso-8601-date="2022">2022</year>
          <volume>6</volume>
          <uri>url{https://www.frontiersin.org/articles/10.3389/feduc.2021.788202}</uri>
          <pub-id pub-id-type="doi">10.3389/feduc.2021.788202</pub-id>
        </element-citation>
      </ref>
      <ref id="ref-Pearl_2009">
        <element-citation publication-type="book">
          <person-group person-group-type="author">
            <name><surname>Pearl</surname><given-names>J.</given-names></name>
          </person-group>
          <source>Causality: Models, reasoning and inference</source>
          <publisher-name>Cambrige University Press</publisher-name>
          <year iso-8601-date="2009">2009</year>
          <isbn></isbn>
          <uri></uri>
          <pub-id pub-id-type="doi"></pub-id>
        </element-citation>
      </ref>
      <ref id="ref-Shaughnessy_et_al_2010">
        <element-citation publication-type="book">
          <person-group person-group-type="author">
            <name><surname>Shaughnessy</surname><given-names>J.</given-names></name>
            <name><surname>Zechmeister</surname><given-names>E.</given-names></name>
            <name><surname>Zechmeister</surname><given-names>J.</given-names></name>
          </person-group>
          <source>Research methods in psychology</source>
          <publisher-name>McGraw-Hill</publisher-name>
          <year iso-8601-date="2010">2010</year>
          <isbn>9781462516797</isbn>
          <uri>https://web.archive.org/web/20141015135541/http://www.mhhe.com/socscience/psychology/shaugh/ch01_concepts.html</uri>
          <pub-id pub-id-type="doi"></pub-id>
        </element-citation>
      </ref>
      <ref id="ref-Pearl_et_al_2016">
        <element-citation publication-type="book">
          <person-group person-group-type="author">
            <name><surname>Pearl</surname><given-names>J.</given-names></name>
            <name><surname>Glymour</surname><given-names>M.</given-names></name>
            <name><surname>Jewell</surname><given-names>N.</given-names></name>
          </person-group>
          <source>Causal inference in statistics: A primer</source>
          <publisher-name>John Wiley &amp; Sons, Inc.</publisher-name>
          <year iso-8601-date="2016">2016</year>
          <edition></edition>
          <isbn>978-1-119-18686-1</isbn>
          <uri></uri>
          <pub-id pub-id-type="doi"></pub-id>
        </element-citation>
      </ref>
      <ref id="ref-Pearl_et_al_2018">
        <element-citation publication-type="book">
          <person-group person-group-type="author">
            <name><surname>Pearl</surname><given-names>J.</given-names></name>
            <name><surname>Mackenzie</surname><given-names>D.</given-names></name>
          </person-group>
          <source>The book of why: The new science of cause and effect</source>
          <publisher-name>Basic Books, Inc.</publisher-name>
          <year iso-8601-date="2018">2018</year>
          <edition>1st</edition>
          <isbn>046509760X</isbn>
          <uri></uri>
          <pub-id pub-id-type="doi"></pub-id>
        </element-citation>
      </ref>
      <ref id="ref-Gross_et_al_2018">
        <element-citation publication-type="book">
          <person-group person-group-type="author">
            <name><surname>Gross</surname><given-names>J.</given-names></name>
            <name><surname>Yellen</surname><given-names>J.</given-names></name>
            <name><surname>Anderson</surname><given-names>M.</given-names></name>
          </person-group>
          <source>Graph theory and its applications</source>
          <publisher-name>Chapman; Hall/CRC</publisher-name>
          <year iso-8601-date="2018">2018</year>
          <isbn>9780429425134</isbn>
          <uri></uri>
          <pub-id pub-id-type="doi">https://doi.org/10.1201/9780429425134 </pub-id>
        </element-citation>
      </ref>
      <ref id="ref-McElreath_2020">
        <element-citation publication-type="book">
          <person-group person-group-type="author">
            <name><surname>McElreath</surname><given-names>R.</given-names></name>
          </person-group>
          <source>Statistical rethinking: A bayesian course with examples in r and STAN</source>
          <publisher-name>Chapman; Hall/CRC</publisher-name>
          <year iso-8601-date="2020">2020</year>
          <isbn>9780367139919</isbn>
          <uri></uri>
          <pub-id pub-id-type="doi"></pub-id>
        </element-citation>
      </ref>
      <ref id="ref-Lesterhuis_2018">
        <element-citation publication-type="thesis">
          <person-group person-group-type="author">
            <name><surname>Lesterhuis</surname><given-names>M.</given-names></name>
          </person-group>
          <article-title>The validity of comparative judgement for assessing text quality: An assessor’s perspective</article-title>
          <publisher-name>University of Antwerp</publisher-name>
          <year iso-8601-date="2018">2018</year>
        </element-citation>
      </ref>
      <ref id="ref-vanDaal_2020">
        <element-citation publication-type="thesis">
          <person-group person-group-type="author">
            <name><surname>van Daal</surname><given-names>T.</given-names></name>
          </person-group>
          <article-title>Making a choice is not easy?!: Unravelling the task difficulty of comparative judgement to assess student work</article-title>
          <publisher-name>University of Antwerp</publisher-name>
          <year iso-8601-date="2020">2020</year>
        </element-citation>
      </ref>
      <ref id="ref-Bartholomew_et_al_2020">
        <element-citation publication-type="chapter">
          <person-group person-group-type="author">
            <name><surname>Bartholomew</surname><given-names>S.</given-names></name>
            <name><surname>Williams</surname><given-names>P.</given-names></name>
          </person-group>
          <article-title>STEM skill assessment: An application of adaptive comparative judgment</article-title>
          <source>Integrated approaches to STEM education. Advances in STEM education</source>
          <person-group person-group-type="editor">
            <name><surname>Anderson</surname><given-names>J.</given-names></name>
            <name><surname>Li</surname><given-names>Y.</given-names></name>
          </person-group>
          <publisher-name>Springer</publisher-name>
          <year iso-8601-date="2020">2020</year>
          <volume></volume>
          <uri></uri>
          <pub-id pub-id-type="doi">10.1007/978-3-030-52229-2_18</pub-id>
          <fpage>331</fpage>
          <lpage>349</lpage>
        </element-citation>
      </ref>
      <ref id="ref-Bramley_2015">
        <element-citation>
          <person-group person-group-type="author">
            <name><surname>Bramley</surname><given-names>T.</given-names></name>
          </person-group>
          <article-title>Investigating the reliability of adaptive comparative judgment</article-title>
          <year iso-8601-date="2015">2015</year>
          <uri>http://www.cambridgeassessment.org.uk/Images/232694-investigating-the-reliability-of-adaptive-comparative-judgment.pdf</uri>
        </element-citation>
      </ref>
      <ref id="ref-Neal_2020">
        <element-citation>
          <person-group person-group-type="author">
            <name><surname>Neal</surname><given-names>B.</given-names></name>
          </person-group>
          <article-title>Introduction to causal inference from a machine learning perspective</article-title>
          <year iso-8601-date="2020">2020</year>
          <uri>https://www.bradyneal.com/Introduction_to_Causal_Inference-Dec17_2020-Neal.pdf</uri>
        </element-citation>
      </ref>
      <ref id="ref-Counterfactual_2024">
        <element-citation>
          <person-group person-group-type="author">
            <name><surname>Counterfactual</surname></name>
          </person-group>
          <article-title>Merriam-webster.com dictionary</article-title>
          <year iso-8601-date="2024">2024</year>
          <uri>https://www.merriam-webster.com/dictionary/hacker</uri>
        </element-citation>
      </ref>
    </ref-list>
  </sec>
</sec>
</body>

<back>
</back>



</article>