<?xml version="1.0" encoding="utf-8" ?>
<!DOCTYPE article PUBLIC "-//NLM//DTD JATS (Z39.96) Journal Archiving
and Interchange DTD v1.2 20190208//EN" "JATS-archivearticle1.dtd">

<article xmlns:mml="http://www.w3.org/1998/Math/MathML" xmlns:xlink="http://www.w3.org/1999/xlink" dtd-version="1.2" article-type="other">

<front>
<journal-meta>
<journal-id></journal-id>

<journal-title-group>
</journal-title-group>
<issn></issn>

<publisher>
<publisher-name></publisher-name>
</publisher>
</journal-meta>


<article-meta>


<title-group>
<article-title>Causes and effects in Dichotomous Comparative Judgments:
an information-theoretical system of plausible mechanism</article-title>
</title-group>

<contrib-group>
<contrib contrib-type="author" corresp="yes">
<contrib-id contrib-id-type="orcid">0000-0002-3088-2783</contrib-id>
<name>
<surname>Rivera Espejo</surname>
<given-names>Jose Manuel</given-names>
</name>
<string-name>Jose Manuel Rivera Espejo</string-name>

<email>JoseManuel.RiveraEspejo@uantwerpen.be</email>
<xref ref-type="aff" rid="aff-1">a</xref>
<xref ref-type="corresp" rid="cor-1">&#x002A;</xref>
</contrib>
<contrib contrib-type="author">
<contrib-id contrib-id-type="orcid">https://orcid.org/0000-0001-9398-9775</contrib-id>
<name>
<surname>van Daal</surname>
<given-names>Tine</given-names>
</name>
<string-name>Tine van Daal</string-name>

<email>tine.vandaal@uantwerpen.be</email>
<xref ref-type="aff" rid="aff-1">a</xref>
</contrib>
<contrib contrib-type="author">
<contrib-id contrib-id-type="orcid">0000-0003-2888-1631</contrib-id>
<name>
<surname>De Maeyer</surname>
<given-names>Sven</given-names>
</name>
<string-name>Sven De Maeyer</string-name>

<email>sven.demaeyer@uantwerpen.be</email>
<xref ref-type="aff" rid="aff-1">a</xref>
</contrib>
<contrib contrib-type="author">
<name>
<surname>Gillis</surname>
<given-names>Steven</given-names>
</name>
<string-name>Steven Gillis</string-name>

<email>steven.gillis@uantwerpen.be</email>
<xref ref-type="aff" rid="aff-2">b</xref>
</contrib>
</contrib-group>
<aff id="aff-1">
<institution content-type="dept">Training and education
sciences</institution>
<institution-wrap>
<institution>University of Antwerp</institution>
</institution-wrap>







</aff>
<aff id="aff-2">
<institution content-type="dept">Linguistics</institution>
<institution-wrap>
<institution>University of Antwerp</institution>
</institution-wrap>







</aff>
<author-notes>
<corresp id="cor-1">JoseManuel.RiveraEspejo@uantwerpen.be</corresp>
</author-notes>

<pub-date date-type="pub" publication-format="electronic" iso-8601-date="2024-10-18">
<year>2024</year>
<month>10</month>
<day>18</day>
</pub-date>







<history></history>


<abstract>
<p>(to do)</p>
</abstract>
<kwd-group kwd-group-type="author">
<kwd>causal inference</kwd>
<kwd>probability</kwd>
<kwd>Thurstone</kwd>
<kwd>comparative judgement</kwd>
<kwd>directed acyclic graph</kwd>
<kwd>structural causal models</kwd>
<kwd>statistical modeling</kwd>
</kwd-group>


<funding-group>
<funding-statement>The project was founded through the Research Fund of
the University of Antwerp (BOF).</funding-statement>
</funding-group>


</article-meta>

</front>

<body>
<sec id="sec-introduction">
  <title>Introduction</title>
  <p>Over the past decade, numerous studies have documented the
  effectiveness of the <italic>comparative judgment</italic> (CJ) method
  (<xref alt="Thurstone 1927" rid="ref-Thurstone_1927" ref-type="bibr">Thurstone
  1927</xref>) for assessing competencies and traits. These studies have
  evaluated CJ from two main perspectives: its ability to produce
  reliable and valid trait scores, and its practical applicability.
  Research on reliability and validity has shown that CJ can generate
  precise and consistent scores that accurately represent the traits
  being measured
  (<xref alt="Pollitt 2012a" rid="ref-Pollitt_2012a" ref-type="bibr">Pollitt
  2012a</xref>,
  <xref alt="2012b" rid="ref-Pollitt_2012b" ref-type="bibr">2012b</xref>;
  <xref alt="Whitehouse 2012" rid="ref-Whitehouse_2012" ref-type="bibr">Whitehouse
  2012</xref>;
  <xref alt="van Daal et al. 2016" rid="ref-vanDaal_et_al_2016" ref-type="bibr">van
  Daal et al. 2016</xref>;
  <xref alt="Lesterhuis 2018" rid="ref-Lesterhuis_2018" ref-type="bibr">Lesterhuis
  2018</xref>;
  <xref alt="Bramley and Vitello 2019" rid="ref-Bramley_et_al_2019" ref-type="bibr">Bramley
  and Vitello 2019</xref>;
  <xref alt="Verhavert et al. 2019" rid="ref-Verhavert_et_al_2019" ref-type="bibr">Verhavert
  et al. 2019</xref>;
  <xref alt="Crompvoets, Béguin, and Sijtsma 2022" rid="ref-Crompvoets_et_al_2022" ref-type="bibr">Crompvoets,
  Béguin, and Sijtsma 2022</xref>;
  <xref alt="Bouwer et al. 2023" rid="ref-Bouwer_et_al_2023" ref-type="bibr">Bouwer
  et al. 2023</xref>). Regarding practical applicability, several
  studies have highlighted CJ’s versatility across both educational and
  non-educational contexts, presenting it as an efficient and effective
  alternative for measurement and evaluation
  (<xref alt="Jones 2015" rid="ref-Jones_2015" ref-type="bibr">Jones
  2015</xref>;
  <xref alt="Bartholomew et al. 2018" rid="ref-Bartholomew_et_al_2018" ref-type="bibr">Bartholomew
  et al. 2018</xref>;
  <xref alt="Jones et al. 2019" rid="ref-Jones_et_al_2019" ref-type="bibr">Jones
  et al. 2019</xref>;
  <xref alt="Marshall et al. 2020" rid="ref-Marshall_et_al_2020" ref-type="bibr">Marshall
  et al. 2020</xref>;
  <xref alt="Bartholomew and Williams 2020" rid="ref-Bartholomew_et_al_2020" ref-type="bibr">Bartholomew
  and Williams 2020</xref>;
  <xref alt="Boonen, Kloots, and Gillis 2020" rid="ref-Boonen_et_al_2020" ref-type="bibr">Boonen,
  Kloots, and Gillis 2020</xref>).</p>
  <p>Despite the growing number of CJ studies, the unsystematic and
  fragmented research approaches employed in the literature have
  overlooked several critical issues concerning the method. These issues
  fall into three main categories: concerns about the structural model,
  the measurement model, and the experimental design of CJ. In the
  following sections, each issue will be discussed in detail, followed
  by the introduction of an approach that addresses all three concerns
  simultaneously.</p>
  <p>A key issue in the first category is the apparent disconnect
  between the method’s structural and measurement models. In CJ
  literature, it is common to perform data analysis and hypothesis
  testing on scores estimated using the Bradley-Terry-Luce (BTL) model
  (<xref alt="Bradley and Terry 1952" rid="ref-Bradley_et_al_1952" ref-type="bibr">Bradley
  and Terry 1952</xref>;
  <xref alt="Luce 1959" rid="ref-Luce_1959" ref-type="bibr">Luce
  1959</xref>). Several studies use the scores generated by the BTL
  model or their transformations to identify ‘misfit’ judges and stimuli
  (<xref alt="Pollitt 2012b" rid="ref-Pollitt_2012b" ref-type="bibr">Pollitt
  2012b</xref>;
  <xref alt="van Daal et al. 2017" rid="ref-vanDaal_et_al_2017" ref-type="bibr">van
  Daal et al. 2017</xref>), detect ‘bias’ in judges’ ratings
  (<xref alt="Pollitt and Elliott 2003" rid="ref-Pollitt_et_al_2003" ref-type="bibr">Pollitt
  and Elliott 2003</xref>;
  <xref alt="Pollitt 2012b" rid="ref-Pollitt_2012b" ref-type="bibr">Pollitt
  2012b</xref>), or test various hypotheses about the underlying trait
  being measured
  (<xref alt="Bramley and Vitello 2019" rid="ref-Bramley_et_al_2019" ref-type="bibr">Bramley
  and Vitello 2019</xref>;
  <xref alt="Boonen, Kloots, and Gillis 2020" rid="ref-Boonen_et_al_2020" ref-type="bibr">Boonen,
  Kloots, and Gillis 2020</xref>;
  <xref alt="Bouwer et al. 2023" rid="ref-Bouwer_et_al_2023" ref-type="bibr">Bouwer
  et al. 2023</xref>;
  <xref alt="van Daal et al. 2017" rid="ref-vanDaal_et_al_2017" ref-type="bibr">van
  Daal et al. 2017</xref>;
  <xref alt="Jones et al. 2019" rid="ref-Jones_et_al_2019" ref-type="bibr">Jones
  et al. 2019</xref>;
  <xref alt="Gijsen et al. 2021" rid="ref-Gijsen_et_al_2021" ref-type="bibr">Gijsen
  et al. 2021</xref>). However, since these scores are parameter
  estimates with inherent uncertainty, the statistical literature
  suggests that separating the analysis from this uncertainty may
  artificially inflate the precision and power of the results. This, in
  turn, could increase the risk of committing a type I error, where a
  null hypothesis is wrongly rejected
  (<xref alt="McElreath 2020" rid="ref-McElreath_2020" ref-type="bibr">McElreath
  2020</xref>). To address this issue properly, the approach should
  follow a strategy similar to that used in Structural Equation Modeling
  (SEM), where data analysis and hypothesis testing occur at the
  structural model level, while the BTL model functions as the
  measurement model.</p>
</sec>
<sec id="sec-theory">
  <title>Theory</title>
  <sec id="sec-theory-thurstone">
    <title>Let’s talk about Thurstone co.</title>
  </sec>
  <sec id="sec-theory-scientific">
    <title>A scientific model for the CJ</title>
  </sec>
  <sec id="sec-theory-statmodel">
    <title>From theory to statistical model</title>
  </sec>
</sec>
<sec id="sec-discuss">
  <title>Discussion</title>
  <sec id="sec-discuss-finding">
    <title>Findings</title>
  </sec>
  <sec id="sec-discuss-limitations">
    <title>Limitations and further research</title>
  </sec>
</sec>
<sec id="sec-conclusion">
  <title>Conclusion</title>
  <p></p>
</sec>
<sec id="declarations">
  <title>Declarations</title>
  <p><bold>Funding:</bold> The project was founded through the Research
  Fund of the University of Antwerp (BOF).</p>
  <p><bold>Financial interests:</bold> The authors have no relevant
  financial interest to disclose.</p>
  <p><bold>Non-financial interests:</bold> Author XX serve on advisory
  broad of Company Y but receives no compensation this role.</p>
  <p><bold>Ethics approval:</bold> The University of Antwerp Research
  Ethics Committee has confirmed that no ethical approval is
  required.</p>
  <p><bold>Consent to participate:</bold> Not applicable</p>
  <p><bold>Consent for publication:</bold> All authors have read and
  agreed to the published version of the manuscript.</p>
  <p><bold>Availability of data and materials:</bold> No data was
  utilized in this study.</p>
  <p><bold>Code availability:</bold> All the code utilized in this
  research is available in the digital document located at:
  <ext-link ext-link-type="uri" xlink:href="https://jriveraespejo.github.io/paper2_manuscript/">https://jriveraespejo.github.io/paper2_manuscript/</ext-link>.</p>
  <p><bold>Authors’ contributions:</bold>
  <italic>Conceptualization:</italic> S.G., S.DM., T.vD., and J.M.R.E;
  <italic>Methodology:</italic> S.DM., T.vD., and J.M.R.E;
  <italic>Software:</italic> J.M.R.E.; <italic>Validation:</italic>
  J.M.R.E.; <italic>Formal Analysis:</italic> J.M.R.E.;
  <italic>Investigation:</italic> J.M.R.E; <italic>Resources:</italic>
  S.G., S.DM., and T.vD.; <italic>Data curation:</italic> J.M.R.E.;
  <italic>Writing - original draft:</italic> J.M.R.E.; <italic>Writing -
  review &amp; editing:</italic> S.G., S.DM., and T.vD.;
  <italic>Visualization:</italic> J.M.R.E.;
  <italic>Supervision:</italic> S.G. and S.DM.; <italic>Project
  administration:</italic> S.G. and S.DM.; <italic>Funding
  acquisition:</italic> S.G. and S.DM.</p>
  <p></p>
</sec>
<sec id="sec-appendix">
  <title>Appendix</title>
  <p></p>
  <sec id="references">
    <title>References</title>
    <ref-list>
      <ref id="ref-Thurstone_1927">
        <element-citation publication-type="article-journal">
          <person-group person-group-type="author">
            <name><surname>Thurstone</surname><given-names>L.</given-names></name>
          </person-group>
          <article-title>A law of comparative judgment</article-title>
          <source>Psychological Review</source>
          <year iso-8601-date="1927">1927</year>
          <volume>34</volume>
          <issue>4</issue>
          <uri></uri>
          <pub-id pub-id-type="doi">10.1037/h0070288</pub-id>
          <fpage>482</fpage>
          <lpage>499</lpage>
        </element-citation>
      </ref>
      <ref id="ref-Bradley_et_al_1952">
        <element-citation publication-type="article-journal">
          <person-group person-group-type="author">
            <name><surname>Bradley</surname><given-names>R.</given-names></name>
            <name><surname>Terry</surname><given-names>M.</given-names></name>
          </person-group>
          <article-title>Rank analysis of incomplete block designs: I. The method of paired comparisons</article-title>
          <source>Biometrika</source>
          <year iso-8601-date="1952">1952</year>
          <volume>39</volume>
          <issue>3-4</issue>
          <uri>http://www.jstor.com/stable/2334029</uri>
          <pub-id pub-id-type="doi">10.2307/2334029</pub-id>
          <fpage>324</fpage>
          <lpage>345</lpage>
        </element-citation>
      </ref>
      <ref id="ref-Luce_1959">
        <element-citation publication-type="article-journal">
          <person-group person-group-type="author">
            <name><surname>Luce</surname><given-names>R.</given-names></name>
          </person-group>
          <article-title>On the possible psychophysical laws</article-title>
          <source>The Psychologcal Review</source>
          <year iso-8601-date="1959">1959</year>
          <volume>66</volume>
          <issue>2</issue>
          <uri></uri>
          <pub-id pub-id-type="doi">10.1037/h0043178</pub-id>
          <fpage>482</fpage>
          <lpage>499</lpage>
        </element-citation>
      </ref>
      <ref id="ref-Pollitt_2012a">
        <element-citation publication-type="article-journal">
          <person-group person-group-type="author">
            <name><surname>Pollitt</surname><given-names>A.</given-names></name>
          </person-group>
          <article-title>Comparative judgement for assessment</article-title>
          <source>International Journal of Technology and Design Education</source>
          <year iso-8601-date="2012">2012</year>
          <volume>22</volume>
          <issue>2</issue>
          <uri></uri>
          <pub-id pub-id-type="doi">10.1007/s10798-011-9189-x</pub-id>
          <fpage>157</fpage>
          <lpage>170</lpage>
        </element-citation>
      </ref>
      <ref id="ref-Pollitt_2012b">
        <element-citation publication-type="article-journal">
          <person-group person-group-type="author">
            <name><surname>Pollitt</surname><given-names>A.</given-names></name>
          </person-group>
          <article-title>The method of adaptive comparative judgement</article-title>
          <source>Assessment in Education: Principles, Policy and Practice</source>
          <year iso-8601-date="2012">2012</year>
          <volume>19</volume>
          <issue>3</issue>
          <uri></uri>
          <pub-id pub-id-type="doi">10.1080/0969594X.2012.665354</pub-id>
          <fpage>281</fpage>
          <lpage>300</lpage>
        </element-citation>
      </ref>
      <ref id="ref-Jones_2015">
        <element-citation publication-type="article-journal">
          <person-group person-group-type="author">
            <name><surname>Jones</surname><given-names>I.</given-names></name>
          </person-group>
          <article-title>The problem of assessing problem solving: Can comparative judgement help?</article-title>
          <source>Educational Studies in Mathematics</source>
          <year iso-8601-date="2015">2015</year>
          <volume>89</volume>
          <issue>3</issue>
          <uri></uri>
          <pub-id pub-id-type="doi">10.1007/s10649-015-9607-1</pub-id>
          <fpage>337</fpage>
          <lpage>355</lpage>
        </element-citation>
      </ref>
      <ref id="ref-vanDaal_et_al_2016">
        <element-citation publication-type="article-journal">
          <person-group person-group-type="author">
            <name><surname>van Daal</surname><given-names>T.</given-names></name>
            <name><surname>Lesterhuis</surname><given-names>M.</given-names></name>
            <name><surname>Coertjens</surname><given-names>L.</given-names></name>
            <name><surname>Donche</surname><given-names>V.</given-names></name>
            <name><surname>De Maeyer</surname><given-names>S.</given-names></name>
          </person-group>
          <article-title>Validity of comparative judgement to assess academic writing: Examining implications of its holistic character and building on a shared consensus</article-title>
          <source>Assessment in Education: Principles, Policy &amp; Practice</source>
          <year iso-8601-date="2016">2016</year>
          <volume>26</volume>
          <issue>1</issue>
          <pub-id pub-id-type="doi">10.1080/0969594X.2016.1253542</pub-id>
          <fpage>59</fpage>
          <lpage>74</lpage>
        </element-citation>
      </ref>
      <ref id="ref-vanDaal_et_al_2017">
        <element-citation publication-type="article-journal">
          <person-group person-group-type="author">
            <name><surname>van Daal</surname><given-names>T.</given-names></name>
            <name><surname>Lesterhuis</surname><given-names>M.</given-names></name>
            <name><surname>Coertjens</surname><given-names>L.</given-names></name>
            <name><surname>van de Kamp</surname><given-names>MT.</given-names></name>
            <name><surname>Donche</surname><given-names>V.</given-names></name>
            <name><surname>De Maeyer</surname><given-names>Sven</given-names></name>
          </person-group>
          <article-title>The complexity of assessing student work using comparative judgment: The moderating role of decision accuracy</article-title>
          <source>Frontiers in Education</source>
          <year iso-8601-date="2017">2017</year>
          <volume>2</volume>
          <uri>https://www.frontiersin.org/articles/10.3389/feduc.2017.00044</uri>
          <pub-id pub-id-type="doi">10.3389/feduc.2017.00044</pub-id>
        </element-citation>
      </ref>
      <ref id="ref-Bartholomew_et_al_2018">
        <element-citation publication-type="article-journal">
          <person-group person-group-type="author">
            <name><surname>Bartholomew</surname><given-names>S.</given-names></name>
            <name><surname>Nadelson</surname><given-names>L.</given-names></name>
            <name><surname>Goodridge</surname><given-names>W.</given-names></name>
            <name><surname>Reeve</surname><given-names>E.</given-names></name>
          </person-group>
          <article-title>Adaptive comparative judgment as a tool for assessing open-ended design problems and model eliciting activities</article-title>
          <source>Educational Assessment</source>
          <publisher-name>Routledge</publisher-name>
          <year iso-8601-date="2018">2018</year>
          <volume>23</volume>
          <issue>2</issue>
          <uri></uri>
          <pub-id pub-id-type="doi">10.1080/10627197.2018.1444986</pub-id>
          <fpage>85</fpage>
          <lpage>101</lpage>
        </element-citation>
      </ref>
      <ref id="ref-Jones_et_al_2019">
        <element-citation publication-type="article-journal">
          <person-group person-group-type="author">
            <name><surname>Jones</surname><given-names>I.</given-names></name>
            <name><surname>Bisson</surname><given-names>M.</given-names></name>
            <name><surname>Gilmore</surname><given-names>C.</given-names></name>
            <name><surname>Inglis</surname><given-names>M.</given-names></name>
          </person-group>
          <article-title>Measuring conceptual understanding in randomised controlled trials: Can comparative judgement help?</article-title>
          <source>British Educational Research Journal</source>
          <year iso-8601-date="2019">2019</year>
          <volume>45</volume>
          <issue>3</issue>
          <uri>https://bera-journals.onlinelibrary.wiley.com/doi/abs/10.1002/berj.3519</uri>
          <pub-id pub-id-type="doi">10.1002/berj.3519</pub-id>
          <fpage>662</fpage>
          <lpage>680</lpage>
        </element-citation>
      </ref>
      <ref id="ref-Bramley_et_al_2019">
        <element-citation publication-type="article-journal">
          <person-group person-group-type="author">
            <name><surname>Bramley</surname><given-names>T.</given-names></name>
            <name><surname>Vitello</surname><given-names>S.</given-names></name>
          </person-group>
          <article-title>The effect of adaptivity on the reliability coefficient in adaptive comparative judgement</article-title>
          <source>Assessment in Education: Principles, Policy and Practice</source>
          <year iso-8601-date="2019">2019</year>
          <volume>71</volume>
          <issue>9</issue>
          <pub-id pub-id-type="doi">10.1080/0969594X.2017.1418734</pub-id>
          <fpage>1</fpage>
          <lpage>25</lpage>
        </element-citation>
      </ref>
      <ref id="ref-Verhavert_et_al_2019">
        <element-citation publication-type="article-journal">
          <person-group person-group-type="author">
            <name><surname>Verhavert</surname><given-names>S.</given-names></name>
            <name><surname>Bouwer</surname><given-names>R.</given-names></name>
            <name><surname>Donche</surname><given-names>V</given-names></name>
            <name><surname>De Maeyer</surname><given-names>S.</given-names></name>
          </person-group>
          <article-title>A meta-analysis on the reliability of comparative judgement</article-title>
          <source>Assessment in Education: Principles, Policy and Practice</source>
          <year iso-8601-date="2019">2019</year>
          <volume>26</volume>
          <issue>5</issue>
          <uri></uri>
          <pub-id pub-id-type="doi">10.1080/0969594X.2019.1602027</pub-id>
          <fpage>541</fpage>
          <lpage>562</lpage>
        </element-citation>
      </ref>
      <ref id="ref-Boonen_et_al_2020">
        <element-citation publication-type="article-journal">
          <person-group person-group-type="author">
            <name><surname>Boonen</surname><given-names>N.</given-names></name>
            <name><surname>Kloots</surname><given-names>H.</given-names></name>
            <name><surname>Gillis</surname><given-names>S.</given-names></name>
          </person-group>
          <article-title>Rating the overall speech quality of hearing-impaired children by means of comparative judgements</article-title>
          <source>Journal of Communication Disorders</source>
          <year iso-8601-date="2020">2020</year>
          <volume>83</volume>
          <issue></issue>
          <uri></uri>
          <pub-id pub-id-type="doi">10.1016/j.jcomdis.2019.105969</pub-id>
          <fpage>1675</fpage>
          <lpage>1687</lpage>
        </element-citation>
      </ref>
      <ref id="ref-Marshall_et_al_2020">
        <element-citation publication-type="article-journal">
          <person-group person-group-type="author">
            <name><surname>Marshall</surname><given-names>N.</given-names></name>
            <name><surname>Shaw</surname><given-names>K</given-names></name>
            <name><surname>Hunter</surname><given-names>J.</given-names></name>
            <name><surname>Jones</surname><given-names>I.</given-names></name>
          </person-group>
          <article-title>Assessment by comparative judgement: An application to secondary statistics and english in new zealand</article-title>
          <source>New Zealand Journal of Educational Studies</source>
          <publisher-name>International Society for Bayesian Analysis</publisher-name>
          <year iso-8601-date="2020">2020</year>
          <volume>55</volume>
          <issue></issue>
          <uri></uri>
          <pub-id pub-id-type="doi">10.1007/s40841-020-00163-3</pub-id>
          <fpage>49</fpage>
          <lpage>71</lpage>
        </element-citation>
      </ref>
      <ref id="ref-Gijsen_et_al_2021">
        <element-citation publication-type="article-journal">
          <person-group person-group-type="author">
            <name><surname>Gijsen</surname><given-names>M.</given-names></name>
            <name><surname>van Daal</surname><given-names>T.</given-names></name>
            <name><surname>Lesterhuis</surname><given-names>Marije</given-names></name>
            <name><surname>Gijbels</surname><given-names>David</given-names></name>
            <name><surname>De Maeyer</surname><given-names>Sven</given-names></name>
          </person-group>
          <article-title>The complexity of comparative judgments in assessing argumentative writing: An eye tracking study</article-title>
          <source>Frontiers in Education</source>
          <year iso-8601-date="2021">2021</year>
          <volume>5</volume>
          <uri>url{https://www.frontiersin.org/articles/10.3389/feduc.2020.582800}</uri>
          <pub-id pub-id-type="doi">10.3389/feduc.2020.582800</pub-id>
        </element-citation>
      </ref>
      <ref id="ref-Crompvoets_et_al_2022">
        <element-citation publication-type="article-journal">
          <person-group person-group-type="author">
            <name><surname>Crompvoets</surname><given-names>Elise A. V.</given-names></name>
            <name><surname>Béguin</surname><given-names>Anton A.</given-names></name>
            <name><surname>Sijtsma</surname><given-names>Klaas</given-names></name>
          </person-group>
          <article-title>On the bias and stability of the results of comparative judgment</article-title>
          <source>Frontiers in Education</source>
          <year iso-8601-date="2022">2022</year>
          <volume>6</volume>
          <uri>url{https://www.frontiersin.org/articles/10.3389/feduc.2021.788202}</uri>
          <pub-id pub-id-type="doi">10.3389/feduc.2021.788202</pub-id>
        </element-citation>
      </ref>
      <ref id="ref-Bouwer_et_al_2023">
        <element-citation publication-type="article-journal">
          <person-group person-group-type="author">
            <name><surname>Bouwer</surname><given-names>R.</given-names></name>
            <name><surname>Lesterhuis</surname><given-names>M.</given-names></name>
            <name><surname>De Smedt</surname><given-names>F.</given-names></name>
            <name><surname>Van Keer</surname><given-names>H.</given-names></name>
            <name><surname>De Maeyer</surname><given-names>S.</given-names></name>
          </person-group>
          <article-title>Comparative approaches to the assessment of writing: Reliability and validity of benchmark rating and comparative judgement</article-title>
          <source>Journal of Writing Research</source>
          <year iso-8601-date="2023">2023</year>
          <volume>15</volume>
          <issue>3</issue>
          <uri>https://www.jowr.org/index.php/jowr/article/view/867</uri>
          <pub-id pub-id-type="doi">10.17239/jowr-2024.15.03.03</pub-id>
          <fpage>497</fpage>
          <lpage>518</lpage>
        </element-citation>
      </ref>
      <ref id="ref-McElreath_2020">
        <element-citation publication-type="book">
          <person-group person-group-type="author">
            <name><surname>McElreath</surname><given-names>R.</given-names></name>
          </person-group>
          <source>Statistical rethinking: A bayesian course with examples in r and STAN</source>
          <publisher-name>Chapman; Hall/CRC</publisher-name>
          <year iso-8601-date="2020">2020</year>
          <isbn>9780367139919</isbn>
          <uri></uri>
          <pub-id pub-id-type="doi"></pub-id>
        </element-citation>
      </ref>
      <ref id="ref-Lesterhuis_2018">
        <element-citation publication-type="thesis">
          <person-group person-group-type="author">
            <name><surname>Lesterhuis</surname><given-names>M.</given-names></name>
          </person-group>
          <article-title>The validity of comparative judgement for assessing text quality: An assessor’s perspective</article-title>
          <publisher-name>University of Antwerp</publisher-name>
          <year iso-8601-date="2018">2018</year>
        </element-citation>
      </ref>
      <ref id="ref-Bartholomew_et_al_2020">
        <element-citation publication-type="chapter">
          <person-group person-group-type="author">
            <name><surname>Bartholomew</surname><given-names>S.</given-names></name>
            <name><surname>Williams</surname><given-names>P.</given-names></name>
          </person-group>
          <article-title>STEM skill assessment: An application of adaptive comparative judgment</article-title>
          <source>Integrated approaches to STEM education. Advances in STEM education</source>
          <person-group person-group-type="editor">
            <name><surname>Anderson</surname><given-names>J.</given-names></name>
            <name><surname>Li</surname><given-names>Y.</given-names></name>
          </person-group>
          <publisher-name>Springer</publisher-name>
          <year iso-8601-date="2020">2020</year>
          <volume></volume>
          <uri></uri>
          <pub-id pub-id-type="doi">10.1007/978-3-030-52229-2_18</pub-id>
          <fpage>331</fpage>
          <lpage>349</lpage>
        </element-citation>
      </ref>
      <ref id="ref-Pollitt_et_al_2003">
        <element-citation>
          <person-group person-group-type="author">
            <name><surname>Pollitt</surname><given-names>A.</given-names></name>
            <name><surname>Elliott</surname><given-names>G.</given-names></name>
          </person-group>
          <article-title>Finding a proper role for human judgement in the examination system.</article-title>
          <publisher-name>University of Cambridge Local Examinations Syndicate</publisher-name>
          <year iso-8601-date="2003">2003</year>
          <uri>https://www.cambridgeassessment.org.uk/Images/109707-monitoring-and-investigating-comparability-a-proper-role-for-human-judgement.pdf</uri>
        </element-citation>
      </ref>
      <ref id="ref-Whitehouse_2012">
        <element-citation>
          <person-group person-group-type="author">
            <name><surname>Whitehouse</surname><given-names>C.</given-names></name>
          </person-group>
          <article-title>Testing the validity of judgements about geography essays using the adaptive comparative judgement method</article-title>
          <publisher-name>Centre for Education Research &amp; Policy</publisher-name>
          <year iso-8601-date="2012">2012</year>
          <uri>https://filestore.aqa.org.uk/content/research/CERP_RP_CW_24102012_0.pdf?download=1</uri>
        </element-citation>
      </ref>
    </ref-list>
  </sec>
</sec>
</body>

<back>
</back>



</article>