<?xml version="1.0" encoding="utf-8" ?>
<!DOCTYPE article PUBLIC "-//NLM//DTD JATS (Z39.96) Journal Archiving
and Interchange DTD v1.2 20190208//EN" "JATS-archivearticle1.dtd">

<article xmlns:mml="http://www.w3.org/1998/Math/MathML" xmlns:xlink="http://www.w3.org/1999/xlink" dtd-version="1.2" article-type="other">

<front>
<journal-meta>
<journal-id></journal-id>

<journal-title-group>
</journal-title-group>
<issn></issn>

<publisher>
<publisher-name></publisher-name>
</publisher>
</journal-meta>


<article-meta>


<title-group>
<article-title>Let’s talk about Thurstone &amp; Co.: An
information-theoretical model for comparative judgments, and its
statistical translation</article-title>
</title-group>

<contrib-group>
<contrib contrib-type="author" corresp="yes">
<contrib-id contrib-id-type="orcid">0000-0002-3088-2783</contrib-id>
<name>
<surname>Rivera Espejo</surname>
<given-names>Jose Manuel</given-names>
</name>
<string-name>Jose Manuel Rivera Espejo</string-name>

<email>JoseManuel.RiveraEspejo@uantwerpen.be</email>
<xref ref-type="aff" rid="aff-1">a</xref>
<xref ref-type="corresp" rid="cor-1">&#x002A;</xref>
</contrib>
<contrib contrib-type="author">
<contrib-id contrib-id-type="orcid">https://orcid.org/0000-0001-9398-9775</contrib-id>
<name>
<surname>van Daal</surname>
<given-names>Tine</given-names>
</name>
<string-name>Tine van Daal</string-name>

<email>tine.vandaal@uantwerpen.be</email>
<xref ref-type="aff" rid="aff-1">a</xref>
</contrib>
<contrib contrib-type="author">
<contrib-id contrib-id-type="orcid">0000-0003-2888-1631</contrib-id>
<name>
<surname>De Maeyer</surname>
<given-names>Sven</given-names>
</name>
<string-name>Sven De Maeyer</string-name>

<email>sven.demaeyer@uantwerpen.be</email>
<xref ref-type="aff" rid="aff-1">a</xref>
</contrib>
<contrib contrib-type="author">
<name>
<surname>Gillis</surname>
<given-names>Steven</given-names>
</name>
<string-name>Steven Gillis</string-name>

<email>steven.gillis@uantwerpen.be</email>
<xref ref-type="aff" rid="aff-2">b</xref>
</contrib>
</contrib-group>
<aff id="aff-1">
<institution content-type="dept">Training and education
sciences</institution>
<institution-wrap>
<institution>University of Antwerp</institution>
</institution-wrap>







</aff>
<aff id="aff-2">
<institution content-type="dept">Linguistics</institution>
<institution-wrap>
<institution>University of Antwerp</institution>
</institution-wrap>







</aff>
<author-notes>
<corresp id="cor-1">JoseManuel.RiveraEspejo@uantwerpen.be</corresp>
</author-notes>

<pub-date date-type="pub" publication-format="electronic" iso-8601-date="2024-11-30">
<year>2024</year>
<month>11</month>
<day>30</day>
</pub-date>







<history></history>


<abstract>
<p>(to do)</p>
</abstract>
<kwd-group kwd-group-type="author">
<kwd>Probability</kwd>
<kwd>Directed Acyclic Graphs</kwd>
<kwd>Bayesian methods</kwd>
<kwd>Thurstonian model</kwd>
<kwd>Comparative judgement</kwd>
<kwd>Structural Causal Models</kwd>
<kwd>Statistical modeling</kwd>
</kwd-group>


<funding-group>
<funding-statement>The project was founded through the Research Fund of
the University of Antwerp (BOF).</funding-statement>
</funding-group>


</article-meta>

</front>

<body>
<sec id="sec-introduction">
  <title>Introduction</title>
  <p>In <italic>comparative judgment</italic> (CJ) studies, judges
  assess a specific trait or attribute across various stimuli by
  performing pairwise comparisons
  (<xref alt="Thurstone 1927b" rid="ref-Thurstone_1927a" ref-type="bibr">Thurstone
  1927b</xref>,
  <xref alt="1927a" rid="ref-Thurstone_1927b" ref-type="bibr">1927a</xref>).
  Each comparison produces a dichotomous outcome, indicating which
  stimulus is perceived to exhibit a higher trait level. For example,
  when assessing text quality, judges compare pairs of written texts
  (the stimuli) to determine the relative quality each text exhibit (the
  trait)
  (<xref alt="Laming 2004" rid="ref-Laming_2004" ref-type="bibr">Laming
  2004</xref>;
  <xref alt="Pollitt 2012" rid="ref-Pollitt_2012b" ref-type="bibr">Pollitt
  2012</xref>;
  <xref alt="Whitehouse 2012" rid="ref-Whitehouse_2012" ref-type="bibr">Whitehouse
  2012</xref>;
  <xref alt="van Daal et al. 2016" rid="ref-vanDaal_et_al_2016" ref-type="bibr">van
  Daal et al. 2016</xref>;
  <xref alt="Lesterhuis 2018a" rid="ref-Lesterhuis_2018_thesis" ref-type="bibr">Lesterhuis
  2018a</xref>;
  <xref alt="Coertjens et al. 2017" rid="ref-Coertjens_et_al_2017" ref-type="bibr">Coertjens
  et al. 2017</xref>;
  <xref alt="Goossens and De Maeyer 2018" rid="ref-Goossens_et_al_2018" ref-type="bibr">Goossens
  and De Maeyer 2018</xref>;
  <xref alt="Bouwer et al. 2023" rid="ref-Bouwer_et_al_2023" ref-type="bibr">Bouwer
  et al. 2023</xref>).</p>
  <p>Numerous studies have documented the effectiveness of CJ in
  assessing traits and competencies over the past decade. These studies
  have emphasized three aspects of the method’s effectiveness: its
  reliability, validity, and practical applicability. Research on
  reliability indicates that CJ requires a relatively small number of
  pairwise comparisons
  (<xref alt="Verhavert et al. 2019" rid="ref-Verhavert_et_al_2019" ref-type="bibr">Verhavert
  et al. 2019</xref>;
  <xref alt="Crompvoets, Béguin, and Sijtsma 2022" rid="ref-Crompvoets_et_al_2022" ref-type="bibr">Crompvoets,
  Béguin, and Sijtsma 2022</xref>) to produce trait scores that are as
  precise and consistent as those generated by other assessment methods
  (<xref alt="Coertjens et al. 2017" rid="ref-Coertjens_et_al_2017" ref-type="bibr">Coertjens
  et al. 2017</xref>;
  <xref alt="Goossens and De Maeyer 2018" rid="ref-Goossens_et_al_2018" ref-type="bibr">Goossens
  and De Maeyer 2018</xref>;
  <xref alt="Bouwer et al. 2023" rid="ref-Bouwer_et_al_2023" ref-type="bibr">Bouwer
  et al. 2023</xref>). Furthermore, evidence suggests that the
  reliability and time efficiency of CJ are comparable, if not superior,
  to those of other assessment methods when employing adaptive
  comparison algorithms
  (<xref alt="Pollitt 2012" rid="ref-Pollitt_2012b" ref-type="bibr">Pollitt
  2012</xref>;
  <xref alt="Verhavert, Furlong, and Bouwer 2022" rid="ref-Verhavert_et_al_2022" ref-type="bibr">Verhavert,
  Furlong, and Bouwer 2022</xref>;
  <xref alt="Mikhailiuk et al. 2021" rid="ref-Mikhailiuk_et_al_2021" ref-type="bibr">Mikhailiuk
  et al. 2021</xref>). Meanwhile, research on validity suggests that
  scores generated by CJ can accurately represent the traits under
  measurement
  (<xref alt="Whitehouse 2012" rid="ref-Whitehouse_2012" ref-type="bibr">Whitehouse
  2012</xref>;
  <xref alt="van Daal et al. 2016" rid="ref-vanDaal_et_al_2016" ref-type="bibr">van
  Daal et al. 2016</xref>;
  <xref alt="Lesterhuis 2018a" rid="ref-Lesterhuis_2018_thesis" ref-type="bibr">Lesterhuis
  2018a</xref>;
  <xref alt="Bartholomew et al. 2018" rid="ref-Bartholomew_et_al_2018" ref-type="bibr">Bartholomew
  et al. 2018</xref>;
  <xref alt="Bouwer et al. 2023" rid="ref-Bouwer_et_al_2023" ref-type="bibr">Bouwer
  et al. 2023</xref>), while research on practical applicability
  highlights the method’s versatility across both educational and
  non-educational contexts
  (<xref alt="Kimbell 2012" rid="ref-Kimbell_2012" ref-type="bibr">Kimbell
  2012</xref>;
  <xref alt="Jones and Inglis 2015" rid="ref-Jones_et_al_2015" ref-type="bibr">Jones
  and Inglis 2015</xref>;
  <xref alt="Bartholomew et al. 2018" rid="ref-Bartholomew_et_al_2018" ref-type="bibr">Bartholomew
  et al. 2018</xref>;
  <xref alt="Jones et al. 2019" rid="ref-Jones_et_al_2019" ref-type="bibr">Jones
  et al. 2019</xref>;
  <xref alt="Marshall et al. 2020" rid="ref-Marshall_et_al_2020" ref-type="bibr">Marshall
  et al. 2020</xref>;
  <xref alt="Bartholomew and Williams 2020" rid="ref-Bartholomew_et_al_2020" ref-type="bibr">Bartholomew
  and Williams 2020</xref>;
  <xref alt="Boonen, Kloots, and Gillis 2020" rid="ref-Boonen_et_al_2020" ref-type="bibr">Boonen,
  Kloots, and Gillis 2020</xref>).</p>
  <p>Nevertheless, despite the increasing number of CJ studies,
  unsystematic and fragmented research approaches have left several
  critical issues unaddressed. The present study primarily focuses on
  two: the over-reliance on the assumptions of Thurstone’s Case V in the
  statistical analysis of CJ data, and the apparent disconnect between
  CJ’s trait measurement and hypothesis testing. The following sections
  begin with a brief overview of Thurstone’s theory and a detailed
  discussion of these issues. Subsequently, the study introduces a
  theoretical model for CJ that builds upon Thurstone’s theory,
  alongside its statistical translation, designed to address the two
  concerns simultaneously.</p>
</sec>
<sec id="sec-thurstone_theory">
  <title>Thurstone’s theory</title>
  <p>In its most general form, Thurstone’s theory deals with pairwise
  comparisons of stimuli made by a single judge
  (<xref alt="Thurstone 1927a, 267" rid="ref-Thurstone_1927b" ref-type="bibr">Thurstone
  1927a, 267</xref>). The theory proposes that two key factors determine
  the dichotomous outcome of these designs: the discriminal process of
  each stimulus and their discriminal difference. The
  <italic>discriminal process</italic> represents the psychological
  impact each stimulus has on judges or, more simply, their underlying
  perception of the stimulus’ trait level. According to the theory, the
  discriminal process for each stimulus follows a Normal distribution,
  where its mode (or mean), referred to as the <italic>modal discriminal
  process</italic>, indicates the stimulus’ position on the trait
  continuum, and its dispersion, known as the <italic>discriminal
  dispersion</italic>, reflects the variability in the perceived trait
  level of the stimulus.</p>
  <p>For instance,
  <xref alt="Figure 1" rid="fig-discriminal_process">Figure 1</xref>
  illustrates the discriminal process distributions along a quality
  trait continuum for two written texts. The figure shows that these
  processes follow a Normal distribution. Moreover, it depicts
  differences in the texts’ positions along the quality trait continuum,
  where text B is positioned two units further along the continuum than
  text A, as indicated by their modal discriminal processes
  (<inline-formula><alternatives>
  <tex-math><![CDATA[S_{B}=2]]></tex-math>
  <mml:math display="inline" xmlns:mml="http://www.w3.org/1998/Math/MathML"><mml:mrow><mml:msub><mml:mi>S</mml:mi><mml:mi>B</mml:mi></mml:msub><mml:mo>=</mml:mo><mml:mn>2</mml:mn></mml:mrow></mml:math></alternatives></inline-formula>
  and <inline-formula><alternatives>
  <tex-math><![CDATA[S_{A}=0]]></tex-math>
  <mml:math display="inline" xmlns:mml="http://www.w3.org/1998/Math/MathML"><mml:mrow><mml:msub><mml:mi>S</mml:mi><mml:mi>A</mml:mi></mml:msub><mml:mo>=</mml:mo><mml:mn>0</mml:mn></mml:mrow></mml:math></alternatives></inline-formula>).
  Finally, it highlights differences in the texts’ discriminal
  dispersions (<inline-formula><alternatives>
  <tex-math><![CDATA[\sigma_{B}=1]]></tex-math>
  <mml:math display="inline" xmlns:mml="http://www.w3.org/1998/Math/MathML"><mml:mrow><mml:msub><mml:mi>σ</mml:mi><mml:mi>B</mml:mi></mml:msub><mml:mo>=</mml:mo><mml:mn>1</mml:mn></mml:mrow></mml:math></alternatives></inline-formula>
  and <inline-formula><alternatives>
  <tex-math><![CDATA[\sigma_{A}=0.5]]></tex-math>
  <mml:math display="inline" xmlns:mml="http://www.w3.org/1998/Math/MathML"><mml:mrow><mml:msub><mml:mi>σ</mml:mi><mml:mi>A</mml:mi></mml:msub><mml:mo>=</mml:mo><mml:mn>0.5</mml:mn></mml:mrow></mml:math></alternatives></inline-formula>),
  showing that text B exhibits a greater variability in its perceived
  quality than text A, as reflected by its wider distribution.</p>
  <fig id="fig-discriminal_process">
    <caption><p>Figure 1: Example distributions of the discriminal
    processes for two written texts</p></caption>
    <graphic mimetype="image" mime-subtype="png" xlink:href="./images/figures/discriminal_process.png" />
  </fig>
  <p>However, because the discriminal process of a single stimulus is
  not directly observable, the theory introduces the <italic>law of
  comparative judgment</italic>. This law posits that in pairwise
  comparisons, a judge perceives the stimulus positioned further along
  the trait continuum as having a higher level of that trait. This
  principle highlights that the outcome of a pairwise comparison likely
  depends on the relative distance between stimuli rather than their
  absolute positions on the trait continuum.</p>
  <p>Thus, the theory assumes that the observed dichotomous outcome
  arises from the distribution of the difference between the underlying
  discriminal processes of the stimuli, known as the <italic>discriminal
  difference</italic>. Since the individual discriminal processes follow
  a Normal distribution, their difference also follows a Normal
  distribution. The mode (or mean) of this distribution, representing
  the (average) relative separation, is given by the difference between
  the modal discriminal processes of the stimuli
  <inline-formula><alternatives>
  <tex-math><![CDATA[S_{BA} = S_{B} - S_{A}]]></tex-math>
  <mml:math display="inline" xmlns:mml="http://www.w3.org/1998/Math/MathML"><mml:mrow><mml:msub><mml:mi>S</mml:mi><mml:mrow><mml:mi>B</mml:mi><mml:mi>A</mml:mi></mml:mrow></mml:msub><mml:mo>=</mml:mo><mml:msub><mml:mi>S</mml:mi><mml:mi>B</mml:mi></mml:msub><mml:mo>−</mml:mo><mml:msub><mml:mi>S</mml:mi><mml:mi>A</mml:mi></mml:msub></mml:mrow></mml:math></alternatives></inline-formula>.
  Meanwhile, the dispersion of the distribution, reflecting the
  variability in the relative separation, is calculated as
  <inline-formula><alternatives>
  <tex-math><![CDATA[\sigma_{BA} = \sqrt{\sigma_{B}^{2} + \sigma_{A}^{2} - \rho\sigma_{B}\sigma_{A}}]]></tex-math>
  <mml:math display="inline" xmlns:mml="http://www.w3.org/1998/Math/MathML"><mml:mrow><mml:msub><mml:mi>σ</mml:mi><mml:mrow><mml:mi>B</mml:mi><mml:mi>A</mml:mi></mml:mrow></mml:msub><mml:mo>=</mml:mo><mml:msqrt><mml:mrow><mml:msubsup><mml:mi>σ</mml:mi><mml:mi>B</mml:mi><mml:mn>2</mml:mn></mml:msubsup><mml:mo>+</mml:mo><mml:msubsup><mml:mi>σ</mml:mi><mml:mi>A</mml:mi><mml:mn>2</mml:mn></mml:msubsup><mml:mo>−</mml:mo><mml:mi>ρ</mml:mi><mml:msub><mml:mi>σ</mml:mi><mml:mi>B</mml:mi></mml:msub><mml:msub><mml:mi>σ</mml:mi><mml:mi>A</mml:mi></mml:msub></mml:mrow></mml:msqrt></mml:mrow></mml:math></alternatives></inline-formula>.
  Here, <inline-formula><alternatives>
  <tex-math><![CDATA[\sigma_{B}]]></tex-math>
  <mml:math display="inline" xmlns:mml="http://www.w3.org/1998/Math/MathML"><mml:msub><mml:mi>σ</mml:mi><mml:mi>B</mml:mi></mml:msub></mml:math></alternatives></inline-formula>
  and <inline-formula><alternatives>
  <tex-math><![CDATA[\sigma_{A}]]></tex-math>
  <mml:math display="inline" xmlns:mml="http://www.w3.org/1998/Math/MathML"><mml:msub><mml:mi>σ</mml:mi><mml:mi>A</mml:mi></mml:msub></mml:math></alternatives></inline-formula>
  are the previously defined discriminal dispersions, while
  <inline-formula><alternatives>
  <tex-math><![CDATA[\rho]]></tex-math>
  <mml:math display="inline" xmlns:mml="http://www.w3.org/1998/Math/MathML"><mml:mi>ρ</mml:mi></mml:math></alternatives></inline-formula>
  measures the correlation between their discriminal processes. This
  correlation quantifies how much the judge’s perception of the trait in
  one stimulus influences his perception of the same trait in the
  other.</p>
  <p><xref alt="Figure 2" rid="fig-discriminal_difference">Figure 2</xref>
  shows the distribution of the discriminal difference for the texts
  depicted in
  <xref alt="Figure 1" rid="fig-discriminal_process">Figure 1</xref>,
  assuming a correlation of <inline-formula><alternatives>
  <tex-math><![CDATA[\rho = 0.6]]></tex-math>
  <mml:math display="inline" xmlns:mml="http://www.w3.org/1998/Math/MathML"><mml:mrow><mml:mi>ρ</mml:mi><mml:mo>=</mml:mo><mml:mn>0.6</mml:mn></mml:mrow></mml:math></alternatives></inline-formula>.
  The figure reveals that, under these conditions, the judge perceives
  text B as having significantly higher quality than text A, as
  indicated by the shaded gray area under the curve
  <inline-formula><alternatives>
  <tex-math><![CDATA[P(B > A)]]></tex-math>
  <mml:math display="inline" xmlns:mml="http://www.w3.org/1998/Math/MathML"><mml:mrow><mml:mi>P</mml:mi><mml:mrow><mml:mo stretchy="true" form="prefix">(</mml:mo><mml:mi>B</mml:mi><mml:mo>&gt;</mml:mo><mml:mi>A</mml:mi><mml:mo stretchy="true" form="postfix">)</mml:mo></mml:mrow></mml:mrow></mml:math></alternatives></inline-formula>.
  As a result, the dichotomous outcome of this comparison almost
  certainly favors text B over text A.</p>
  <fig id="fig-discriminal_difference">
    <caption><p>Figure 2: Example distribution of the discriminal
    difference for the two texts shown in
    <xref alt="Figure 1" rid="fig-discriminal_process">Figure 1</xref>,
    assuming a correlation of 0.6</p></caption>
    <graphic mimetype="image" mime-subtype="png" xlink:href="./images/figures/discriminal_difference.png" />
  </fig>
  <p>Additionally,
  <xref alt="Figure 3" rid="fig-correlation">Figure 3</xref> illustrates
  how varying correlations influence the distribution of the discriminal
  difference for the same two texts. The figure shows that as the
  correlation increases, indicating a stronger influence of the judge’s
  perception of quality in one text on his perception of the other, the
  distribution of the discriminal difference becomes narrower. This
  narrowing affects the area under the curve that determines the
  comparison outcome and, ultimately, the conclusions drawn from this
  outcome.</p>
  <p>For instance, when two texts clearly differ in quality, as depicted
  in <xref alt="Figure 1" rid="fig-discriminal_process">Figure 1</xref>,
  higher correlations increase the likelihood that the discriminal
  difference more distinctly favors text B over text A, as indicated by
  the shaded gray area under the curve in
  <xref alt="Figure 3" rid="fig-correlation">Figure 3</xref>.
  Conversely, it is easy to infer that when the two texts have similar
  or identical quality levels, higher correlations reduce the likelihood
  that the discriminal difference distinctly favors one text over the
  other, as the distribution narrows around zero (not depicted in the
  figure).</p>
  <fig id="fig-correlation">
    <caption><p>Figure 3: The effect of correlation on the distribution
    of the discriminal difference of the same two written
    text</p></caption>
    <graphic mimetype="image" mime-subtype="png" xlink:href="./images/figures/correlation.png" />
  </fig>
</sec>
<sec id="sec-theory-issues">
  <title>Three critical issues in CJ literature</title>
  <sec id="sec-theory-issue1">
    <title>The Case V and the statistical analysis of CJ data</title>
    <p>The previous section outlines the general form of Thurstone’s
    theory, which applies to a CJ design where a single judge evaluates
    multiple stimuli. For the practical application of the theory,
    Thurstone developed four additional cases derived from this general
    form, where each successive case incorporates additional simplifying
    assumptions. Case I represents the general form of the theory. Case
    II extends this by allowing multiple judges to make comparisons
    rather than restricting the comparisons to a single judge. Case III
    introduces the assumption of zero correlation between stimuli. Case
    IV builds on this by assuming that the stimuli have similar
    dispersions. Finally, Case V replaces this assumption with the
    condition that the stimuli have equal discriminal dispersions.
    <xref alt="Table 1" rid="tbl-thurstone_cases">Table 1</xref>
    summarizes these cases and their assumptions. For a detailed
    discussion of this progression, refer to Thurstone
    (<xref alt="1927a" rid="ref-Thurstone_1927b" ref-type="bibr">1927a</xref>)
    and Bramley
    (<xref alt="2008, 248–53" rid="ref-Bramley_2008" ref-type="bibr">2008,
    248–53</xref>).</p>
    <fig id="tbl-thurstone_cases">
      <caption><p>Table 1: Thurstones cases and asumptions</p></caption>
      <graphic mimetype="image" mime-subtype="png" xlink:href="./images/tables/thurstone_cases.png" />
    </fig>
    <p>Despite its reliance on the largest number of simplifying
    assumptions
    (<xref alt="Bramley 2008, 253" rid="ref-Bramley_2008" ref-type="bibr">Bramley
    2008, 253</xref>;
    <xref alt="Kelly, Richardson, and Isaacs 2022, 677" rid="ref-Kelly_et_al_2022" ref-type="bibr">Kelly,
    Richardson, and Isaacs 2022, 677</xref>), Case V remains the most
    widely used case in the CJ literature. This popularity stems mainly
    from its simplified statistical representation in the
    Bradley-Terry-Luce (BTL) model
    (<xref alt="Bradley and Terry 1952" rid="ref-Bradley_et_al_1952" ref-type="bibr">Bradley
    and Terry 1952</xref>;
    <xref alt="Luce 1959" rid="ref-Luce_1959" ref-type="bibr">Luce
    1959</xref>). The BTL model mirrors the assumptions of Case V, with
    one key difference: while Case V assumes a Normal distribution for
    the discriminal processes of the stimuli, the BTL model uses the
    more mathematically tractable Logistic distribution
    (<xref alt="Andrich 1978" rid="ref-Andrich_1978" ref-type="bibr">Andrich
    1978</xref>;
    <xref alt="Bramley 2008, 254" rid="ref-Bramley_2008" ref-type="bibr">Bramley
    2008, 254</xref>) (see
    <xref alt="Table 1" rid="tbl-thurstone_cases">Table 1</xref>). This
    substitution has little impact on the model’s estimation or
    interpretation, as the Normal and Logistic distributions share
    similar statistical properties, differing only by a scaling factor
    of approximately <inline-formula><alternatives>
    <tex-math><![CDATA[1.7]]></tex-math>
    <mml:math display="inline" xmlns:mml="http://www.w3.org/1998/Math/MathML"><mml:mn>1.7</mml:mn></mml:math></alternatives></inline-formula>
    (<xref alt="van der Linden 2017a, 1:16" rid="ref-vanderLinden_et_al_2017_I" ref-type="bibr">van
    der Linden 2017a, 1:16</xref>) (see
    <xref alt="Figure 4" rid="fig-logistic_vs_normal">Figure 4</xref>).</p>
    <fig id="fig-logistic_vs_normal">
      <caption><p>Figure 4: Probability density and cumulative
      probability of the logistic and Normal distributions. Extracted
      from Bramley
      (<xref alt="2008, 254–55" rid="ref-Bramley_2008" ref-type="bibr">2008,
      254–55</xref>).</p></caption>
      <table-wrap>
        <table>
          <colgroup>
            <col width="100%" />
          </colgroup>
          <tbody>
            <tr>
              <td align="left"><p specific-use="wrapper">
                <boxed-text>
                  <fig id="fig-density">
                    <caption><p>(a) Probability density</p></caption>
                    <graphic mimetype="image" mime-subtype="png" xlink:href="./images/figures/density.png" />
                  </fig>
                </boxed-text>
              </p></td>
            </tr>
          </tbody>
        </table>
      </table-wrap>
      <table-wrap>
        <table>
          <colgroup>
            <col width="100%" />
          </colgroup>
          <tbody>
            <tr>
              <td align="left"><p specific-use="wrapper">
                <boxed-text>
                  <fig id="fig-cumulative">
                    <caption><p>(b) Cummulative
                    probability</p></caption>
                    <graphic mimetype="image" mime-subtype="png" xlink:href="./images/figures/cummulative.png" />
                  </fig>
                </boxed-text>
              </p></td>
            </tr>
          </tbody>
        </table>
      </table-wrap>
    </fig>
    <p>However, Thurstone originally developed Case V to provide a
    “rather coarse scaling” of traits
    (<xref alt="Thurstone 1927a, 269" rid="ref-Thurstone_1927b" ref-type="bibr">Thurstone
    1927a, 269</xref>), prioritizing statistical simplicity over
    precision in trait measurement
    (<xref alt="Kelly, Richardson, and Isaacs 2022, 677" rid="ref-Kelly_et_al_2022" ref-type="bibr">Kelly,
    Richardson, and Isaacs 2022, 677</xref>). As a result, its
    assumptions may not be suitable for applications beyond the
    psycho-physical contexts for which it was created. Thurstone himself
    cautioned that its use “should not be made without (an) experimental
    test”
    (<xref alt="Thurstone 1927a, 270" rid="ref-Thurstone_1927b" ref-type="bibr">Thurstone
    1927a, 270</xref>), acknowledging that some assumptions could prove
    problematic in the presence of complex traits or heterogeneous
    stimuli, such as handwriting or English compositions
    (<xref alt="Thurstone 1927b, 374" rid="ref-Thurstone_1927a" ref-type="bibr">Thurstone
    1927b, 374</xref>). Consequently, given that modern CJ applications
    frequently involve these traits and stimuli, two main assumptions of
    Case V may not consistently hold in theory or practice: the zero
    correlation and equal dispersion between stimuli.</p>
    <p>As outlined in the previous section, the assumption of
    <italic>zero correlation between stimuli</italic> suggests that
    during a pairwise comparison, a judge’s perception of quality in one
    text does not influence his perception of the same trait in another
    text (see
    <xref alt="Figure 3" rid="fig-correlation">Figure 3</xref>,
    <inline-formula><alternatives>
    <tex-math><![CDATA[\rho=0]]></tex-math>
    <mml:math display="inline" xmlns:mml="http://www.w3.org/1998/Math/MathML"><mml:mrow><mml:mi>ρ</mml:mi><mml:mo>=</mml:mo><mml:mn>0</mml:mn></mml:mrow></mml:math></alternatives></inline-formula>).
    Thurstone attributed this independence to the cancellation of
    potential judges’ biases, driven by two opposing and equally
    weighted effects occurring during the pairwise comparisons
    (<xref alt="Thurstone 1927a, 268" rid="ref-Thurstone_1927b" ref-type="bibr">Thurstone
    1927a, 268</xref>). Andrich
    (<xref alt="1978" rid="ref-Andrich_1978" ref-type="bibr">1978</xref>)
    mathematically demonstrated this cancellation using the BTL model
    under the assumption of discriminal processes with additive biases.
    However, it is easy to imagine at least two scenarios where the zero
    correlation assumption almost certainly does not hold: when the
    pairwise comparison involves multidimensional, complex traits with
    heterogeneous stimuli and when an additional hierarchical structure
    is relevant to the stimuli.</p>
    <p>In the first scenario, the intricate aspects of multidimensional,
    complex traits may introduce dependencies between heterogeneous
    stimuli due to certain judges’ biases that resist cancellation.
    Research on text quality indicates that when judges evaluate these
    traits, they often rely on various intricate aspects of the stimuli
    to form their judgments
    (<xref alt="van Daal et al. 2016" rid="ref-vanDaal_et_al_2016" ref-type="bibr">van
    Daal et al. 2016</xref>;
    <xref alt="Lesterhuis 2018b" rid="ref-Lesterhuis_2018" ref-type="bibr">Lesterhuis
    2018b</xref>;
    <xref alt="Chambers and Cunningham 2022" rid="ref-Chambers_et_al_2022" ref-type="bibr">Chambers
    and Cunningham 2022</xref>). These aspects, which are likely neither
    equally weighted nor opposing, may influence judges’ perceptions
    unevenly. For example, this could occur when a judge assessing the
    argumentative quality of a text places disproportionate emphasis on
    grammatical accuracy, ultimately favoring texts with fewer errors
    but weaker arguments. Ignoring these relevant additional “traits”
    can result in biases that resist cancellation, introducing
    dependencies between stimuli
    (<xref alt="van der Linden 2017b, 2:346" rid="ref-vanderLinden_et_al_2017_II" ref-type="bibr">van
    der Linden 2017b, 2:346</xref>) and ultimately violating the
    assumption of zero correlation. While direct evidence for the
    specific mechanisms causing biases is lacking, studies such as
    Pollitt and Elliott
    (<xref alt="2003" rid="ref-Pollitt_et_al_2003" ref-type="bibr">2003</xref>)
    demonstrate the presence of such biases, supporting the idea that
    the factors influencing pairwise comparisons may not always cancel
    out.</p>
    <p>In the second scenario, the shared context or inherent
    connections created by additional hierarchical structures may
    introduce dependencies between stimuli, a statistical phenomenon
    commonly known as clustering
    (<xref alt="Everitt and Skrondal 2010" rid="ref-Everitt_et_al_2010" ref-type="bibr">Everitt
    and Skrondal 2010</xref>). Although the CJ literature acknowledges
    the presence of such hierarchical structures in CJ data, the
    statistical handling of this extra source of dependency has been
    inadequate. For example, when CJ data includes multiple samples of
    stimuli from the same individuals, researchers often rely on
    (average) estimated BTL scores to conduct subsequent analyses and
    tests at the individual hierarchical level
    (<xref alt="Bramley and Vitello 2019" rid="ref-Bramley_et_al_2019" ref-type="bibr">Bramley
    and Vitello 2019</xref>;
    <xref alt="Boonen, Kloots, and Gillis 2020" rid="ref-Boonen_et_al_2020" ref-type="bibr">Boonen,
    Kloots, and Gillis 2020</xref>;
    <xref alt="Bouwer et al. 2023" rid="ref-Bouwer_et_al_2023" ref-type="bibr">Bouwer
    et al. 2023</xref>;
    <xref alt="van Daal et al. 2017" rid="ref-vanDaal_et_al_2017" ref-type="bibr">van
    Daal et al. 2017</xref>;
    <xref alt="Jones et al. 2019" rid="ref-Jones_et_al_2019" ref-type="bibr">Jones
    et al. 2019</xref>;
    <xref alt="Gijsen et al. 2021" rid="ref-Gijsen_et_al_2021" ref-type="bibr">Gijsen
    et al. 2021</xref>). This approach, however, has the significant
    limitation of ignoring the uncertainty associated with the BTL
    scores, which generates additional statistical and measurement
    issues, as discussed in section
    <xref alt="Section 3.2" rid="sec-theory-issue2">Section 3.2</xref>.</p>
    <p>In any case, the psychometric and statistical literature strongly
    advises against ignoring relevant additional traits or overlooking
    clustering (grouping) structures that may introduce dependencies
    between stimuli. First, ignoring additional aspects pertinent to the
    trait of interest can cause a dimensional mismatch, which can lead
    to an overestimation of the precision (reliability) of the trait’s
    measurement
    (<xref alt="Hoyle 2023, 340–41" rid="ref-Hoyle_et_al_2023" ref-type="bibr">Hoyle
    2023, 340–41</xref>) or, worse, introduce bias into the measurement
    process
    (<xref alt="Ackerman 1989" rid="ref-Ackerman_1989" ref-type="bibr">Ackerman
    1989</xref>). Additionally, overlooking relevant hierarchical (or
    grouping) structures can exacerbate the inflation of reliability by
    reducing the accuracy of the model’s parameters
    (<xref alt="Hoyle 2023, 482" rid="ref-Hoyle_et_al_2023" ref-type="bibr">Hoyle
    2023, 482</xref>). Taken together, these oversights undermine the
    reliability of the measurement process and, since validity cannot
    exist without reliability
    (<xref alt="Perron and Gillespie 2015, 2" rid="ref-Perron_et_al_2015" ref-type="bibr">Perron
    and Gillespie 2015, 2</xref>), ultimately compromise the validity of
    the results derived from it.</p>
  </sec>
  <sec id="sec-theory-issue2">
    <title>The disconnect between trait measurement and hypothesis
    testing</title>
    <p>Building on the previous section, it is evident that the BTL
    model commonly functions as the trait’s measurement model in CJ
    experiments
    (<xref alt="Andrich 1978" rid="ref-Andrich_1978" ref-type="bibr">Andrich
    1978</xref>;
    <xref alt="Bramley 2008" rid="ref-Bramley_2008" ref-type="bibr">Bramley
    2008</xref>). A measurement model specifies how manifest variables
    contribute to the estimation of latent variables
    (<xref alt="Everitt and Skrondal 2010" rid="ref-Everitt_et_al_2010" ref-type="bibr">Everitt
    and Skrondal 2010</xref>). For example, when evaluating text
    quality, researchers use the BTL model to process the dichotomous
    outcomes resulting from the pairwise comparisons (the manifest
    variables) to estimate scores that reflect the underlying quality
    level of texts (the latent variable)
    (<xref alt="Laming 2004" rid="ref-Laming_2004" ref-type="bibr">Laming
    2004</xref>;
    <xref alt="Pollitt 2012" rid="ref-Pollitt_2012b" ref-type="bibr">Pollitt
    2012</xref>;
    <xref alt="Whitehouse 2012" rid="ref-Whitehouse_2012" ref-type="bibr">Whitehouse
    2012</xref>;
    <xref alt="van Daal et al. 2016" rid="ref-vanDaal_et_al_2016" ref-type="bibr">van
    Daal et al. 2016</xref>;
    <xref alt="Lesterhuis 2018a" rid="ref-Lesterhuis_2018_thesis" ref-type="bibr">Lesterhuis
    2018a</xref>;
    <xref alt="Coertjens et al. 2017" rid="ref-Coertjens_et_al_2017" ref-type="bibr">Coertjens
    et al. 2017</xref>;
    <xref alt="Goossens and De Maeyer 2018" rid="ref-Goossens_et_al_2018" ref-type="bibr">Goossens
    and De Maeyer 2018</xref>;
    <xref alt="Bouwer et al. 2023" rid="ref-Bouwer_et_al_2023" ref-type="bibr">Bouwer
    et al. 2023</xref>).</p>
    <p>Researchers then typically use the estimated BTL scores, or their
    transformations, to conduct additional analyses or hypothesis tests.
    For example, these scores have been used to identify ‘misfit’ judges
    and stimuli
    (<xref alt="Pollitt 2012" rid="ref-Pollitt_2012b" ref-type="bibr">Pollitt
    2012</xref>;
    <xref alt="van Daal et al. 2017" rid="ref-vanDaal_et_al_2017" ref-type="bibr">van
    Daal et al. 2017</xref>;
    <xref alt="Goossens and De Maeyer 2018" rid="ref-Goossens_et_al_2018" ref-type="bibr">Goossens
    and De Maeyer 2018</xref>), detect biases in judges’ ratings
    (<xref alt="Pollitt and Elliott 2003" rid="ref-Pollitt_et_al_2003" ref-type="bibr">Pollitt
    and Elliott 2003</xref>;
    <xref alt="Pollitt 2012" rid="ref-Pollitt_2012b" ref-type="bibr">Pollitt
    2012</xref>), calculate correlations with other assessment methods
    (<xref alt="Goossens and De Maeyer 2018" rid="ref-Goossens_et_al_2018" ref-type="bibr">Goossens
    and De Maeyer 2018</xref>;
    <xref alt="Bouwer et al. 2023" rid="ref-Bouwer_et_al_2023" ref-type="bibr">Bouwer
    et al. 2023</xref>), or test hypotheses related to the underlying
    trait of interest
    (<xref alt="Bramley and Vitello 2019" rid="ref-Bramley_et_al_2019" ref-type="bibr">Bramley
    and Vitello 2019</xref>;
    <xref alt="Boonen, Kloots, and Gillis 2020" rid="ref-Boonen_et_al_2020" ref-type="bibr">Boonen,
    Kloots, and Gillis 2020</xref>;
    <xref alt="Bouwer et al. 2023" rid="ref-Bouwer_et_al_2023" ref-type="bibr">Bouwer
    et al. 2023</xref>;
    <xref alt="van Daal et al. 2017" rid="ref-vanDaal_et_al_2017" ref-type="bibr">van
    Daal et al. 2017</xref>;
    <xref alt="Jones et al. 2019" rid="ref-Jones_et_al_2019" ref-type="bibr">Jones
    et al. 2019</xref>;
    <xref alt="Gijsen et al. 2021" rid="ref-Gijsen_et_al_2021" ref-type="bibr">Gijsen
    et al. 2021</xref>).</p>
    <p>However, the statistical literature advises caution when using
    estimated scores for additional analyses and tests. A key
    consideration is that BTL scores are parameter estimates that
    inherently carry uncertainty. Ignoring this uncertainty can bias the
    analysis and reduce the precision of hypothesis tests. Notably, the
    direction and magnitude of such biases are often unpredictable.
    Results may be attenuated, exaggerated, or remain unaffected
    depending on the degree of uncertainty in the scores and the actual
    effects being tested
    (<xref alt="Kline 2023, 25" rid="ref-Kline_et_al_2023" ref-type="bibr">Kline
    2023, 25</xref>;
    <xref alt="Hoyle 2023, 137" rid="ref-Hoyle_et_al_2023" ref-type="bibr">Hoyle
    2023, 137</xref>). Finally, the reduced precision in hypothesis
    tests diminishes their statistical power, increasing the likelihood
    of committing type-I or type-II errors
    (<xref alt="McElreath 2020" rid="ref-McElreath_2020" ref-type="bibr">McElreath
    2020</xref>).</p>
    <p>To mitigate these risks, principles from Structural Equation
    Modeling (SEM)
    (<xref alt="Hoyle 2023, 138" rid="ref-Hoyle_et_al_2023" ref-type="bibr">Hoyle
    2023, 138</xref>) and Item Response Theory (IRT)
    (<xref alt="Fox 2010, chap. 6" rid="ref-Fox_2010" ref-type="bibr">Fox
    2010, chap. 6</xref>;
    <xref alt="van der Linden 2017a, vol. 1, chap. 24" rid="ref-vanderLinden_et_al_2017_I" ref-type="bibr">van
    der Linden 2017a, vol. 1, chap. 24</xref>) recommend conducting
    these analyses and tests within a structural model. A structural
    model specifies how different manifest or latent variables influence
    the latent variable of interest
    (<xref alt="Everitt and Skrondal 2010" rid="ref-Everitt_et_al_2010" ref-type="bibr">Everitt
    and Skrondal 2010</xref>). This approach allows analyses that can
    account for both the BTL scores and their uncertainties
    simultaneously, rather than treating them as separate elements.
    Therefore, an integrated approach that combines CJ’s measurement and
    structural models can offer significant advantages.</p>
  </sec>
</sec>
<sec id="sec-theory">
  <title>An updated theoretical and statistical model for CJ</title>
  <sec id="sec-theory-theoretical">
    <title>The theoretical model</title>
  </sec>
  <sec id="sec-theory-statistics">
    <title>From theory to statistics</title>
  </sec>
</sec>
<sec id="sec-discuss">
  <title>Discussion</title>
  <sec id="sec-discuss-finding">
    <title>Findings</title>
  </sec>
  <sec id="sec-discuss-limitations">
    <title>Limitations and further research</title>
  </sec>
</sec>
<sec id="sec-conclusion">
  <title>Conclusion</title>
  <p></p>
</sec>
<sec id="declarations">
  <title>Declarations</title>
  <p><bold>Funding:</bold> The project was founded through the Research
  Fund of the University of Antwerp (BOF).</p>
  <p><bold>Financial interests:</bold> The authors have no relevant
  financial interest to disclose.</p>
  <p><bold>Non-financial interests:</bold> The authors have no relevant
  non-financial interest to disclose.</p>
  <p><bold>Ethics approval:</bold> The University of Antwerp Research
  Ethics Committee has confirmed that no ethical approval is
  required.</p>
  <p><bold>Consent to participate:</bold> Not applicable</p>
  <p><bold>Consent for publication:</bold> All authors have read and
  agreed to the published version of the manuscript.</p>
  <p><bold>Availability of data and materials:</bold> No data was
  utilized in this study.</p>
  <p><bold>Code availability:</bold> All the code utilized in this
  research is available in the digital document located at:
  <ext-link ext-link-type="uri" xlink:href="https://jriveraespejo.github.io/paper2_manuscript/">https://jriveraespejo.github.io/paper2_manuscript/</ext-link>.</p>
  <p><bold>AI-assisted technologies in the writing process:</bold> The
  authors used ChatGPT, an AI language model, during the preparation of
  this work. They occasionally employed the tool to refine phrasing and
  optimize wording, ensuring appropriate language use and enhancing the
  manuscript’s clarity and coherence. The authors take full
  responsibility for the final content of the publication.</p>
  <p><bold>CRediT authorship contribution statement:</bold>
  <italic>Conceptualization:</italic> S.G., S.DM., T.vD., and J.M.R.E;
  <italic>Methodology:</italic> S.DM., T.vD., and J.M.R.E;
  <italic>Software:</italic> J.M.R.E.; <italic>Validation:</italic>
  J.M.R.E.; <italic>Formal Analysis:</italic> J.M.R.E.;
  <italic>Investigation:</italic> J.M.R.E; <italic>Resources:</italic>
  S.G., S.DM., and T.vD.; <italic>Data curation:</italic> J.M.R.E.;
  <italic>Writing - original draft:</italic> J.M.R.E.; <italic>Writing -
  review and editing:</italic> S.G., S.DM., and T.vD.;
  <italic>Visualization:</italic> J.M.R.E.;
  <italic>Supervision:</italic> S.G. and S.DM.; <italic>Project
  administration:</italic> S.G. and S.DM.; <italic>Funding
  acquisition:</italic> S.G. and S.DM.</p>
  <p></p>
</sec>
</body>

<back>
<ref-list>
  <title>References</title>
  <ref id="ref-Thurstone_1927a">
    <element-citation publication-type="article-journal">
      <person-group person-group-type="author">
        <name><surname>Thurstone</surname><given-names>L.</given-names></name>
      </person-group>
      <article-title>Psychophysical analysis</article-title>
      <source>American Journal of Psychology</source>
      <year iso-8601-date="1927">1927</year>
      <volume></volume>
      <issue>38</issue>
      <uri>https://brocku.ca/MeadProject/Thurstone/Thurstone_1927g.html</uri>
      <pub-id pub-id-type="doi"></pub-id>
      <fpage>368</fpage>
      <lpage>89</lpage>
    </element-citation>
  </ref>
  <ref id="ref-Thurstone_1927b">
    <element-citation publication-type="article-journal">
      <person-group person-group-type="author">
        <name><surname>Thurstone</surname><given-names>L.</given-names></name>
      </person-group>
      <article-title>A law of comparative judgment</article-title>
      <source>Psychological Review</source>
      <year iso-8601-date="1927">1927</year>
      <volume>34</volume>
      <issue>4</issue>
      <uri></uri>
      <pub-id pub-id-type="doi">10.1037/h0070288</pub-id>
      <fpage>482</fpage>
      <lpage>499</lpage>
    </element-citation>
  </ref>
  <ref id="ref-Bradley_et_al_1952">
    <element-citation publication-type="article-journal">
      <person-group person-group-type="author">
        <name><surname>Bradley</surname><given-names>R.</given-names></name>
        <name><surname>Terry</surname><given-names>M.</given-names></name>
      </person-group>
      <article-title>Rank analysis of incomplete block designs: I. The method of paired comparisons</article-title>
      <source>Biometrika</source>
      <year iso-8601-date="1952">1952</year>
      <volume>39</volume>
      <issue>3-4</issue>
      <uri></uri>
      <pub-id pub-id-type="doi">10.2307/2334029</pub-id>
      <fpage>324</fpage>
      <lpage>345</lpage>
    </element-citation>
  </ref>
  <ref id="ref-Luce_1959">
    <element-citation publication-type="article-journal">
      <person-group person-group-type="author">
        <name><surname>Luce</surname><given-names>R.</given-names></name>
      </person-group>
      <article-title>On the possible psychophysical laws</article-title>
      <source>The Psychologcal Review</source>
      <year iso-8601-date="1959">1959</year>
      <volume>66</volume>
      <issue>2</issue>
      <uri></uri>
      <pub-id pub-id-type="doi">10.1037/h0043178</pub-id>
      <fpage>482</fpage>
      <lpage>499</lpage>
    </element-citation>
  </ref>
  <ref id="ref-Andrich_1978">
    <element-citation publication-type="article-journal">
      <person-group person-group-type="author">
        <name><surname>Andrich</surname><given-names>D.</given-names></name>
      </person-group>
      <article-title>Relationships between the thurstone and rasch approaches to item scaling</article-title>
      <source>Applied Psychological Measurement</source>
      <year iso-8601-date="1978">1978</year>
      <volume>2</volume>
      <issue>3</issue>
      <uri></uri>
      <pub-id pub-id-type="doi">10.1177/014662167800200319</pub-id>
      <fpage>451</fpage>
      <lpage>462</lpage>
    </element-citation>
  </ref>
  <ref id="ref-Ackerman_1989">
    <element-citation publication-type="article-journal">
      <person-group person-group-type="author">
        <name><surname>Ackerman</surname><given-names>T.</given-names></name>
      </person-group>
      <article-title>Unidimensional IRT calibration of compensatory and noncompensatory multidimensional items</article-title>
      <source>Applied Psychological Measurement</source>
      <year iso-8601-date="1989">1989</year>
      <volume>13</volume>
      <issue>2</issue>
      <uri></uri>
      <pub-id pub-id-type="doi">10.1177/014662168901300201</pub-id>
      <fpage>113</fpage>
      <lpage>127</lpage>
    </element-citation>
  </ref>
  <ref id="ref-Laming_2004">
    <element-citation publication-type="article-journal">
      <person-group person-group-type="author">
        <name><surname>Laming</surname><given-names>D.</given-names></name>
      </person-group>
      <article-title>Marking university examinations: Some lessons from psychophysics</article-title>
      <source>Psychology Learning &amp; Teaching</source>
      <year iso-8601-date="2004">2004</year>
      <volume>3</volume>
      <issue>2</issue>
      <uri></uri>
      <pub-id pub-id-type="doi">10.2304/plat.2003.3.2.89</pub-id>
      <fpage>89</fpage>
      <lpage>96</lpage>
    </element-citation>
  </ref>
  <ref id="ref-Pollitt_2012b">
    <element-citation publication-type="article-journal">
      <person-group person-group-type="author">
        <name><surname>Pollitt</surname><given-names>A.</given-names></name>
      </person-group>
      <article-title>The method of adaptive comparative judgement</article-title>
      <source>Assessment in Education: Principles, Policy and Practice</source>
      <year iso-8601-date="2012">2012</year>
      <volume>19</volume>
      <issue>3</issue>
      <uri></uri>
      <pub-id pub-id-type="doi">10.1080/0969594X.2012.665354</pub-id>
      <fpage>281</fpage>
      <lpage>300</lpage>
    </element-citation>
  </ref>
  <ref id="ref-Kimbell_2012">
    <element-citation publication-type="article-journal">
      <person-group person-group-type="author">
        <name><surname>Kimbell</surname><given-names>R.</given-names></name>
      </person-group>
      <article-title>Evolving project e-scape for national assessment</article-title>
      <source>International Journal of Technology and Design Education</source>
      <year iso-8601-date="2012">2012</year>
      <volume>22</volume>
      <issue></issue>
      <uri></uri>
      <pub-id pub-id-type="doi">10.1007/s10798-011-9190-4</pub-id>
      <fpage>135</fpage>
      <lpage>155</lpage>
    </element-citation>
  </ref>
  <ref id="ref-Jones_et_al_2015">
    <element-citation publication-type="article-journal">
      <person-group person-group-type="author">
        <name><surname>Jones</surname><given-names>I.</given-names></name>
        <name><surname>Inglis</surname><given-names>M.</given-names></name>
      </person-group>
      <article-title>The problem of assessing problem solving: Can comparative judgement help?</article-title>
      <source>Educational Studies in Mathematics</source>
      <year iso-8601-date="2015">2015</year>
      <volume>89</volume>
      <issue>3</issue>
      <uri></uri>
      <pub-id pub-id-type="doi">10.1007/s10649-015-9607-1</pub-id>
      <fpage>337</fpage>
      <lpage>355</lpage>
    </element-citation>
  </ref>
  <ref id="ref-vanDaal_et_al_2016">
    <element-citation publication-type="article-journal">
      <person-group person-group-type="author">
        <name><surname>van Daal</surname><given-names>T.</given-names></name>
        <name><surname>Lesterhuis</surname><given-names>M.</given-names></name>
        <name><surname>Coertjens</surname><given-names>L.</given-names></name>
        <name><surname>Donche</surname><given-names>V.</given-names></name>
        <name><surname>De Maeyer</surname><given-names>S.</given-names></name>
      </person-group>
      <article-title>Validity of comparative judgement to assess academic writing: Examining implications of its holistic character and building on a shared consensus</article-title>
      <source>Assessment in Education: Principles, Policy &amp; Practice</source>
      <year iso-8601-date="2016">2016</year>
      <volume>26</volume>
      <issue>1</issue>
      <pub-id pub-id-type="doi">10.1080/0969594X.2016.1253542</pub-id>
      <fpage>59</fpage>
      <lpage>74</lpage>
    </element-citation>
  </ref>
  <ref id="ref-Coertjens_et_al_2017">
    <element-citation publication-type="article-journal">
      <person-group person-group-type="author">
        <name><surname>Coertjens</surname><given-names>L.</given-names></name>
        <name><surname>Lesterhuis</surname><given-names>M</given-names></name>
        <name><surname>Verhavert</surname><given-names>S.</given-names></name>
        <name><surname>Van Gasse</surname><given-names>R.</given-names></name>
        <name><surname>De Maeyer</surname><given-names>S.</given-names></name>
      </person-group>
      <article-title>Teksten beoordelen met criterialijsten of via paarsgewijze vergelijking: Een afweging van betrouwbaarheid en tijdsinvestering</article-title>
      <source>Pedagogische Studien</source>
      <year iso-8601-date="2017">2017</year>
      <volume>94</volume>
      <uri>https://repository.uantwerpen.be/docman/irua/e71ea9/147930.pdf</uri>
      <pub-id pub-id-type="doi"></pub-id>
      <fpage>283</fpage>
      <lpage>303</lpage>
    </element-citation>
  </ref>
  <ref id="ref-vanDaal_et_al_2017">
    <element-citation publication-type="article-journal">
      <person-group person-group-type="author">
        <name><surname>van Daal</surname><given-names>T.</given-names></name>
        <name><surname>Lesterhuis</surname><given-names>M.</given-names></name>
        <name><surname>Coertjens</surname><given-names>L.</given-names></name>
        <name><surname>van de Kamp</surname><given-names>MT.</given-names></name>
        <name><surname>Donche</surname><given-names>V.</given-names></name>
        <name><surname>De Maeyer</surname><given-names>S.</given-names></name>
      </person-group>
      <article-title>The complexity of assessing student work using comparative judgment: The moderating role of decision accuracy</article-title>
      <source>Frontiers in Education</source>
      <year iso-8601-date="2017">2017</year>
      <volume>2</volume>
      <uri></uri>
      <pub-id pub-id-type="doi">10.3389/feduc.2017.00044</pub-id>
    </element-citation>
  </ref>
  <ref id="ref-Bartholomew_et_al_2018">
    <element-citation publication-type="article-journal">
      <person-group person-group-type="author">
        <name><surname>Bartholomew</surname><given-names>S.</given-names></name>
        <name><surname>Nadelson</surname><given-names>L.</given-names></name>
        <name><surname>Goodridge</surname><given-names>W.</given-names></name>
        <name><surname>Reeve</surname><given-names>E.</given-names></name>
      </person-group>
      <article-title>Adaptive comparative judgment as a tool for assessing open-ended design problems and model eliciting activities</article-title>
      <source>Educational Assessment</source>
      <publisher-name>Routledge</publisher-name>
      <year iso-8601-date="2018">2018</year>
      <volume>23</volume>
      <issue>2</issue>
      <uri></uri>
      <pub-id pub-id-type="doi">10.1080/10627197.2018.1444986</pub-id>
      <fpage>85</fpage>
      <lpage>101</lpage>
    </element-citation>
  </ref>
  <ref id="ref-Lesterhuis_2018">
    <element-citation publication-type="article-journal">
      <person-group person-group-type="author">
        <name><surname>Lesterhuis</surname><given-names>M.</given-names></name>
      </person-group>
      <article-title>When teachers compare argumentative texts: Decisions informed by multiple complex aspects of text quality</article-title>
      <source>L1-Educational Studies in Language and Literature</source>
      <year iso-8601-date="2018">2018</year>
      <volume>18</volume>
      <issue>1</issue>
      <uri></uri>
      <pub-id pub-id-type="doi">10.17239/L1ESLL-2018.18.01.02</pub-id>
      <fpage>1</fpage>
      <lpage>22</lpage>
    </element-citation>
  </ref>
  <ref id="ref-Jones_et_al_2019">
    <element-citation publication-type="article-journal">
      <person-group person-group-type="author">
        <name><surname>Jones</surname><given-names>I.</given-names></name>
        <name><surname>Bisson</surname><given-names>M.</given-names></name>
        <name><surname>Gilmore</surname><given-names>C.</given-names></name>
        <name><surname>Inglis</surname><given-names>M.</given-names></name>
      </person-group>
      <article-title>Measuring conceptual understanding in randomised controlled trials: Can comparative judgement help?</article-title>
      <source>British Educational Research Journal</source>
      <year iso-8601-date="2019">2019</year>
      <volume>45</volume>
      <issue>3</issue>
      <uri></uri>
      <pub-id pub-id-type="doi">10.1002/berj.3519</pub-id>
      <fpage>662</fpage>
      <lpage>680</lpage>
    </element-citation>
  </ref>
  <ref id="ref-Bramley_et_al_2019">
    <element-citation publication-type="article-journal">
      <person-group person-group-type="author">
        <name><surname>Bramley</surname><given-names>T.</given-names></name>
        <name><surname>Vitello</surname><given-names>S.</given-names></name>
      </person-group>
      <article-title>The effect of adaptivity on the reliability coefficient in adaptive comparative judgement</article-title>
      <source>Assessment in Education: Principles, Policy and Practice</source>
      <year iso-8601-date="2019">2019</year>
      <volume>71</volume>
      <issue>9</issue>
      <pub-id pub-id-type="doi">10.1080/0969594X.2017.1418734</pub-id>
      <fpage>1</fpage>
      <lpage>25</lpage>
    </element-citation>
  </ref>
  <ref id="ref-Verhavert_et_al_2019">
    <element-citation publication-type="article-journal">
      <person-group person-group-type="author">
        <name><surname>Verhavert</surname><given-names>S.</given-names></name>
        <name><surname>Bouwer</surname><given-names>R.</given-names></name>
        <name><surname>Donche</surname><given-names>V.</given-names></name>
        <name><surname>De Maeyer</surname><given-names>S.</given-names></name>
      </person-group>
      <article-title>A meta-analysis on the reliability of comparative judgement</article-title>
      <source>Assessment in Education: Principles, Policy and Practice</source>
      <year iso-8601-date="2019">2019</year>
      <volume>26</volume>
      <issue>5</issue>
      <uri></uri>
      <pub-id pub-id-type="doi">10.1080/0969594X.2019.1602027</pub-id>
      <fpage>541</fpage>
      <lpage>562</lpage>
    </element-citation>
  </ref>
  <ref id="ref-Boonen_et_al_2020">
    <element-citation publication-type="article-journal">
      <person-group person-group-type="author">
        <name><surname>Boonen</surname><given-names>N.</given-names></name>
        <name><surname>Kloots</surname><given-names>H.</given-names></name>
        <name><surname>Gillis</surname><given-names>S.</given-names></name>
      </person-group>
      <article-title>Rating the overall speech quality of hearing-impaired children by means of comparative judgements</article-title>
      <source>Journal of Communication Disorders</source>
      <year iso-8601-date="2020">2020</year>
      <volume>83</volume>
      <issue></issue>
      <uri></uri>
      <pub-id pub-id-type="doi">10.1016/j.jcomdis.2019.105969</pub-id>
      <fpage>1675</fpage>
      <lpage>1687</lpage>
    </element-citation>
  </ref>
  <ref id="ref-Marshall_et_al_2020">
    <element-citation publication-type="article-journal">
      <person-group person-group-type="author">
        <name><surname>Marshall</surname><given-names>N.</given-names></name>
        <name><surname>Shaw</surname><given-names>K</given-names></name>
        <name><surname>Hunter</surname><given-names>J.</given-names></name>
        <name><surname>Jones</surname><given-names>I.</given-names></name>
      </person-group>
      <article-title>Assessment by comparative judgement: An application to secondary statistics and english in new zealand</article-title>
      <source>New Zealand Journal of Educational Studies</source>
      <publisher-name>International Society for Bayesian Analysis</publisher-name>
      <year iso-8601-date="2020">2020</year>
      <volume>55</volume>
      <issue></issue>
      <uri></uri>
      <pub-id pub-id-type="doi">10.1007/s40841-020-00163-3</pub-id>
      <fpage>49</fpage>
      <lpage>71</lpage>
    </element-citation>
  </ref>
  <ref id="ref-Gijsen_et_al_2021">
    <element-citation publication-type="article-journal">
      <person-group person-group-type="author">
        <name><surname>Gijsen</surname><given-names>M.</given-names></name>
        <name><surname>van Daal</surname><given-names>T.</given-names></name>
        <name><surname>Lesterhuis</surname><given-names>Marije</given-names></name>
        <name><surname>Gijbels</surname><given-names>David</given-names></name>
        <name><surname>De Maeyer</surname><given-names>Sven</given-names></name>
      </person-group>
      <article-title>The complexity of comparative judgments in assessing argumentative writing: An eye tracking study</article-title>
      <source>Frontiers in Education</source>
      <year iso-8601-date="2021">2021</year>
      <volume>5</volume>
      <uri></uri>
      <pub-id pub-id-type="doi">10.3389/feduc.2020.582800</pub-id>
    </element-citation>
  </ref>
  <ref id="ref-Chambers_et_al_2022">
    <element-citation publication-type="article-journal">
      <person-group person-group-type="author">
        <name><surname>Chambers</surname><given-names>L.</given-names></name>
        <name><surname>Cunningham</surname><given-names>E.</given-names></name>
      </person-group>
      <article-title>Exploring the validity of comparative judgement: Do judges attend to construct-irrelevant features?</article-title>
      <source>Frontiers in Education</source>
      <year iso-8601-date="2022">2022</year>
      <uri></uri>
      <pub-id pub-id-type="doi">10.3389/feduc.2022.802392</pub-id>
    </element-citation>
  </ref>
  <ref id="ref-Verhavert_et_al_2022">
    <element-citation publication-type="article-journal">
      <person-group person-group-type="author">
        <name><surname>Verhavert</surname><given-names>S.</given-names></name>
        <name><surname>Furlong</surname><given-names>A.</given-names></name>
        <name><surname>Bouwer</surname><given-names>R.</given-names></name>
      </person-group>
      <article-title>The accuracy and efficiency of a reference-based adaptive selection algorithm for comparative judgment</article-title>
      <source>Frontiers in Education</source>
      <year iso-8601-date="2022">2022</year>
      <volume>6</volume>
      <uri></uri>
      <pub-id pub-id-type="doi">10.3389/feduc.2021.785919</pub-id>
    </element-citation>
  </ref>
  <ref id="ref-Kelly_et_al_2022">
    <element-citation publication-type="article-journal">
      <person-group person-group-type="author">
        <name><surname>Kelly</surname><given-names>K.</given-names></name>
        <name><surname>Richardson</surname><given-names>M.</given-names></name>
        <name><surname>Isaacs</surname><given-names>T.</given-names></name>
      </person-group>
      <article-title>Critiquing the rationales for using comparative judgement: A call for clarity</article-title>
      <source>Assessment in Education: Principles, Policy &amp; Practice</source>
      <publisher-name>Routledge</publisher-name>
      <year iso-8601-date="2022">2022</year>
      <volume>29</volume>
      <issue>6</issue>
      <uri></uri>
      <pub-id pub-id-type="doi">10.1080/0969594X.2022.2147901</pub-id>
      <fpage>674</fpage>
      <lpage>688</lpage>
    </element-citation>
  </ref>
  <ref id="ref-Crompvoets_et_al_2022">
    <element-citation publication-type="article-journal">
      <person-group person-group-type="author">
        <name><surname>Crompvoets</surname><given-names>E.</given-names></name>
        <name><surname>Béguin</surname><given-names>A.</given-names></name>
        <name><surname>Sijtsma</surname><given-names>K.</given-names></name>
      </person-group>
      <article-title>On the bias and stability of the results of comparative judgment</article-title>
      <source>Frontiers in Education</source>
      <year iso-8601-date="2022">2022</year>
      <volume>6</volume>
      <uri></uri>
      <pub-id pub-id-type="doi">10.3389/feduc.2021.788202</pub-id>
    </element-citation>
  </ref>
  <ref id="ref-Bouwer_et_al_2023">
    <element-citation publication-type="article-journal">
      <person-group person-group-type="author">
        <name><surname>Bouwer</surname><given-names>R.</given-names></name>
        <name><surname>Lesterhuis</surname><given-names>M.</given-names></name>
        <name><surname>De Smedt</surname><given-names>F.</given-names></name>
        <name><surname>Van Keer</surname><given-names>H.</given-names></name>
        <name><surname>De Maeyer</surname><given-names>S.</given-names></name>
      </person-group>
      <article-title>Comparative approaches to the assessment of writing: Reliability and validity of benchmark rating and comparative judgement</article-title>
      <source>Journal of Writing Research</source>
      <year iso-8601-date="2023">2023</year>
      <volume>15</volume>
      <issue>3</issue>
      <uri></uri>
      <pub-id pub-id-type="doi">10.17239/jowr-2024.15.03.03</pub-id>
      <fpage>497</fpage>
      <lpage>518</lpage>
    </element-citation>
  </ref>
  <ref id="ref-Everitt_et_al_2010">
    <element-citation publication-type="book">
      <person-group person-group-type="author">
        <name><surname>Everitt</surname><given-names>B.</given-names></name>
        <name><surname>Skrondal</surname><given-names>A.</given-names></name>
      </person-group>
      <source>The cambridge dictionary of statistics</source>
      <publisher-name>Cambridge University Press</publisher-name>
      <year iso-8601-date="2010">2010</year>
      <isbn>978-0521766999</isbn>
      <uri></uri>
      <pub-id pub-id-type="doi"></pub-id>
    </element-citation>
  </ref>
  <ref id="ref-Fox_2010">
    <element-citation publication-type="book">
      <person-group person-group-type="author">
        <name><surname>Fox</surname><given-names>J. P.</given-names></name>
      </person-group>
      <source>Bayesian item response modeling, theory and applications</source>
      <publisher-name>Springer</publisher-name>
      <year iso-8601-date="2010">2010</year>
      <volume></volume>
      <uri></uri>
      <pub-id pub-id-type="doi"></pub-id>
    </element-citation>
  </ref>
  <ref id="ref-vanderLinden_et_al_2017_I">
    <element-citation publication-type="book">
      <source>Handbook of item response theory: models</source>
      <person-group person-group-type="editor">
        <name><surname>van der Linden</surname><given-names>W.</given-names></name>
      </person-group>
      <publisher-name>CRC Press</publisher-name>
      <year iso-8601-date="2017">2017</year>
      <volume>1</volume>
      <uri></uri>
      <pub-id pub-id-type="doi"></pub-id>
    </element-citation>
  </ref>
  <ref id="ref-vanderLinden_et_al_2017_II">
    <element-citation publication-type="book">
      <source>Handbook of item response theory: Statistical tools</source>
      <person-group person-group-type="editor">
        <name><surname>van der Linden</surname><given-names>W.</given-names></name>
      </person-group>
      <publisher-name>CRC Press</publisher-name>
      <year iso-8601-date="2017">2017</year>
      <volume>2</volume>
      <uri></uri>
      <pub-id pub-id-type="doi"></pub-id>
    </element-citation>
  </ref>
  <ref id="ref-McElreath_2020">
    <element-citation publication-type="book">
      <person-group person-group-type="author">
        <name><surname>McElreath</surname><given-names>R.</given-names></name>
      </person-group>
      <source>Statistical rethinking: A bayesian course with examples in r and STAN</source>
      <publisher-name>Chapman; Hall/CRC</publisher-name>
      <year iso-8601-date="2020">2020</year>
      <isbn>9780367139919</isbn>
      <uri></uri>
      <pub-id pub-id-type="doi"></pub-id>
    </element-citation>
  </ref>
  <ref id="ref-Hoyle_et_al_2023">
    <element-citation publication-type="book">
      <person-group person-group-type="author">
        <name><surname>Hoyle</surname><given-names>R. (eds.)</given-names></name>
      </person-group>
      <source>Handbook of structural equation modeling</source>
      <publisher-name>Guilford Press</publisher-name>
      <year iso-8601-date="2023">2023</year>
      <isbn>9781462544646</isbn>
      <uri></uri>
      <pub-id pub-id-type="doi"></pub-id>
    </element-citation>
  </ref>
  <ref id="ref-Kline_et_al_2023">
    <element-citation publication-type="book">
      <person-group person-group-type="author">
        <name><surname>Kline</surname><given-names>R.</given-names></name>
      </person-group>
      <source>Principles and practice of structural equation modeling</source>
      <publisher-name>Guilford Press</publisher-name>
      <year iso-8601-date="2023">2023</year>
      <isbn>9781462551910</isbn>
      <uri></uri>
      <pub-id pub-id-type="doi"></pub-id>
    </element-citation>
  </ref>
  <ref id="ref-Lesterhuis_2018_thesis">
    <element-citation publication-type="thesis">
      <person-group person-group-type="author">
        <name><surname>Lesterhuis</surname><given-names>M.</given-names></name>
      </person-group>
      <article-title>The validity of comparative judgement for assessing text quality: An assessor’s perspective</article-title>
      <publisher-name>University of Antwerp</publisher-name>
      <year iso-8601-date="2018">2018</year>
      <uri>https://hdl.handle.net/10067/1548280151162165141</uri>
    </element-citation>
  </ref>
  <ref id="ref-Bramley_2008">
    <element-citation publication-type="chapter">
      <person-group person-group-type="author">
        <name><surname>Bramley</surname><given-names>T.</given-names></name>
      </person-group>
      <article-title>Paired comparison methods</article-title>
      <source>Techniques for monitoring the comparability of examination standards</source>
      <person-group person-group-type="editor">
        <name><surname>Newton</surname><given-names>P.</given-names></name>
        <name><surname>Baird</surname><given-names>J.</given-names></name>
        <name><surname>Goldsteing</surname><given-names>H.</given-names></name>
        <name><surname>Patrick</surname><given-names>H.</given-names></name>
        <name><surname>Tymms</surname><given-names>P.</given-names></name>
      </person-group>
      <publisher-name>GOV.UK.</publisher-name>
      <year iso-8601-date="2008">2008</year>
      <uri>https://assets.publishing.service.gov.uk/media/5a80d75940f0b62305b8d734/2007-comparability-exam-standards-i-chapter7.pdf</uri>
      <pub-id pub-id-type="doi"></pub-id>
      <fpage>246</fpage>
      <lpage>300</lpage>
    </element-citation>
  </ref>
  <ref id="ref-Perron_et_al_2015">
    <element-citation publication-type="chapter">
      <person-group person-group-type="author">
        <name><surname>Perron</surname><given-names>B.</given-names></name>
        <name><surname>Gillespie</surname><given-names>D.</given-names></name>
      </person-group>
      <article-title>Reliability and Measurement Error</article-title>
      <source>Key Concepts in Measurement</source>
      <publisher-name>Oxford University Press</publisher-name>
      <year iso-8601-date="2015-04">2015</year><month>04</month>
      <uri></uri>
      <pub-id pub-id-type="doi">10.1093/acprof:oso/9780199855483.003.0004</pub-id>
    </element-citation>
  </ref>
  <ref id="ref-Bartholomew_et_al_2020">
    <element-citation publication-type="chapter">
      <person-group person-group-type="author">
        <name><surname>Bartholomew</surname><given-names>S.</given-names></name>
        <name><surname>Williams</surname><given-names>P.</given-names></name>
      </person-group>
      <article-title>STEM skill assessment: An application of adaptive comparative judgment</article-title>
      <source>Integrated approaches to STEM education. Advances in STEM education</source>
      <person-group person-group-type="editor">
        <name><surname>Anderson</surname><given-names>J.</given-names></name>
        <name><surname>Li</surname><given-names>Y.</given-names></name>
      </person-group>
      <publisher-name>Springer</publisher-name>
      <year iso-8601-date="2020">2020</year>
      <volume></volume>
      <uri></uri>
      <pub-id pub-id-type="doi">10.1007/978-3-030-52229-2_18</pub-id>
      <fpage>331</fpage>
      <lpage>349</lpage>
    </element-citation>
  </ref>
  <ref id="ref-Goossens_et_al_2018">
    <element-citation publication-type="paper-conference">
      <person-group person-group-type="author">
        <name><surname>Goossens</surname><given-names>M.</given-names></name>
        <name><surname>De Maeyer</surname><given-names>S.</given-names></name>
      </person-group>
      <article-title>How to obtain efficient high reliabilities in assessing texts: Rubrics vs comparative judgement</article-title>
      <source>Technology enhanced assessment</source>
      <person-group person-group-type="editor">
        <name><surname>Ras</surname><given-names>E.</given-names></name>
        <name><surname>Guerrero Roldán</surname><given-names>A.</given-names></name>
      </person-group>
      <publisher-name>Springer International Publishing</publisher-name>
      <year iso-8601-date="2018">2018</year>
      <uri></uri>
      <pub-id pub-id-type="doi">10.1007/978-3-319-97807-9_2</pub-id>
      <fpage>13</fpage>
      <lpage>25</lpage>
    </element-citation>
  </ref>
  <ref id="ref-Mikhailiuk_et_al_2021">
    <element-citation publication-type="paper-conference">
      <person-group person-group-type="author">
        <name><surname>Mikhailiuk</surname><given-names>A.</given-names></name>
        <name><surname>Wilmot</surname><given-names>C.</given-names></name>
        <name><surname>Perez-Ortiz</surname><given-names>M.</given-names></name>
        <name><surname>Yue</surname><given-names>D.</given-names></name>
        <name><surname>Mantiuk</surname><given-names>R.</given-names></name>
      </person-group>
      <article-title>Active sampling for pairwise comparisons via approximate message passing and information gain maximization</article-title>
      <source>2020 25th international conference on pattern recognition (ICPR)</source>
      <year iso-8601-date="2021">2021</year>
      <volume></volume>
      <uri></uri>
      <pub-id pub-id-type="doi">10.1109/ICPR48806.2021.9412676</pub-id>
      <fpage>2559</fpage>
      <lpage>2566</lpage>
    </element-citation>
  </ref>
  <ref id="ref-Pollitt_et_al_2003">
    <element-citation>
      <person-group person-group-type="author">
        <name><surname>Pollitt</surname><given-names>A.</given-names></name>
        <name><surname>Elliott</surname><given-names>G.</given-names></name>
      </person-group>
      <article-title>Finding a proper role for human judgement in the examination system.</article-title>
      <publisher-name>University of Cambridge Local Examinations Syndicate</publisher-name>
      <year iso-8601-date="2003">2003</year>
      <uri>https://www.cambridgeassessment.org.uk/Images/109707-monitoring-and-investigating-comparability-a-proper-role-for-human-judgement.pdf</uri>
    </element-citation>
  </ref>
  <ref id="ref-Whitehouse_2012">
    <element-citation>
      <person-group person-group-type="author">
        <name><surname>Whitehouse</surname><given-names>C.</given-names></name>
      </person-group>
      <article-title>Testing the validity of judgements about geography essays using the adaptive comparative judgement method</article-title>
      <publisher-name>Centre for Education Research &amp; Policy</publisher-name>
      <year iso-8601-date="2012">2012</year>
      <uri>https://filestore.aqa.org.uk/content/research/CERP_RP_CW_24102012_0.pdf?download=1</uri>
    </element-citation>
  </ref>
</ref-list>
</back>



</article>