<?xml version="1.0" encoding="UTF-8"?>
<!DOCTYPE manifest PUBLIC "-//MECA//DTD Manifest v1.0//en" "MECA_manifest.dtd">
<manifest manifest-version="1" xmlns="https://manuscriptexchange.org/schema/manifest" xmlns:xlink="http://www.w3.org/1999/xlink">
  <item item-type="article-metadata">
    <instance media-type="text/xml" xlink:href="paper2.xml"/>
  </item>
  <item item-type="manuscript">
    <instance media-type="application/pdf" xlink:href="paper2.pdf"/>
  </item>
  <item item-type="manuscript">
    <instance media-type="application/vnd.openxmlformats-officedocument.wordprocessingml.document" xlink:href="paper2.docx"/>
  </item>
  <item item-type="manuscript">
    <instance media-type="text/plain" xlink:href="_tex/paper2.tex"/>
  </item>
  <item item-type="manuscript-supporting-file">
    <instance media-type="image/png" xlink:href="_tex/images/png/discriminal_process.png"/>
  </item>
  <item item-type="manuscript-supporting-file">
    <instance media-type="image/png" xlink:href="_tex/images/png/discriminal_difference.png"/>
  </item>
  <item item-type="manuscript-supporting-file">
    <instance media-type="image/png" xlink:href="_tex/images/png/thurstone_cases.png"/>
  </item>
  <item item-type="manuscript-supporting-file">
    <instance media-type="image/png" xlink:href="_tex/images/png/dispersion.png"/>
  </item>
  <item item-type="manuscript-supporting-file">
    <instance media-type="image/png" xlink:href="_tex/images/png/correlation.png"/>
  </item>
  <item item-type="manuscript-supporting-file">
    <instance media-type="image/png" xlink:href="_tex/images/png/CJ_TM_A1.png"/>
  </item>
  <item item-type="manuscript-supporting-file">
    <instance media-type="image/png" xlink:href="_tex/images/png/CJ_TM_A2.png"/>
  </item>
  <item item-type="manuscript-supporting-file">
    <instance media-type="image/png" xlink:href="_tex/images/png/CJ_TM_A3.png"/>
  </item>
  <item item-type="manuscript-supporting-file">
    <instance media-type="image/png" xlink:href="_tex/images/png/CJ_TM_A4.png"/>
  </item>
  <item item-type="manuscript-supporting-file">
    <instance media-type="image/png" xlink:href="_tex/images/png/CJ_TM_B1.png"/>
  </item>
  <item item-type="manuscript-supporting-file">
    <instance media-type="image/png" xlink:href="_tex/images/png/CJ_TM_B2.png"/>
  </item>
  <item item-type="manuscript-supporting-file">
    <instance media-type="image/png" xlink:href="_tex/images/png/CJ_TM_B3.png"/>
  </item>
  <item item-type="manuscript-supporting-file">
    <instance media-type="image/png" xlink:href="_tex/images/png/CJ_TM_B4.png"/>
  </item>
  <item item-type="manuscript-supporting-file">
    <instance media-type="image/png" xlink:href="_tex/images/png/CJ_TM_B5.png"/>
  </item>
  <item item-type="manuscript-supporting-file">
    <instance media-type="image/png" xlink:href="_tex/images/png/CJ_TM_B6.png"/>
  </item>
  <item item-type="manuscript-supporting-file">
    <instance media-type="image/png" xlink:href="_tex/images/png/CJ_TM_B7.png"/>
  </item>
  <item item-type="manuscript-supporting-file">
    <instance media-type="image/png" xlink:href="_tex/images/png/CJ_TM_B8.png"/>
  </item>
  <item item-type="manuscript-supporting-file">
    <instance media-type="image/png" xlink:href="_tex/images/png/CJ_TM_B9.png"/>
  </item>
  <item item-type="manuscript-supporting-file">
    <instance media-type="application/octet-stream" xlink:href="_tex/elsarticle.cls"/>
  </item>
  <item item-type="manuscript-supporting-file">
    <instance media-type="application/octet-stream" xlink:href="_tex/references.bib"/>
  </item>
  <item item-type="manuscript-supporting-file">
    <instance media-type="image/png" xlink:href="images/png/discriminal_process.png"/>
  </item>
  <item item-type="manuscript-supporting-file">
    <instance media-type="image/png" xlink:href="images/png/discriminal_difference.png"/>
  </item>
  <item item-type="manuscript-supporting-file">
    <instance media-type="image/png" xlink:href="images/png/thurstone_cases.png"/>
  </item>
  <item item-type="manuscript-supporting-file">
    <instance media-type="image/png" xlink:href="images/png/dispersion.png"/>
  </item>
  <item item-type="manuscript-supporting-file">
    <instance media-type="image/png" xlink:href="images/png/correlation.png"/>
  </item>
  <item item-type="manuscript-supporting-file">
    <instance media-type="image/png" xlink:href="images/png/CJ_TM_A1.png"/>
  </item>
  <item item-type="manuscript-supporting-file">
    <instance media-type="image/png" xlink:href="images/png/CJ_TM_A2.png"/>
  </item>
  <item item-type="manuscript-supporting-file">
    <instance media-type="image/png" xlink:href="images/png/CJ_TM_A3.png"/>
  </item>
  <item item-type="manuscript-supporting-file">
    <instance media-type="image/png" xlink:href="images/png/CJ_TM_A4.png"/>
  </item>
  <item item-type="manuscript-supporting-file">
    <instance media-type="image/png" xlink:href="images/png/CJ_TM_B1.png"/>
  </item>
  <item item-type="manuscript-supporting-file">
    <instance media-type="image/png" xlink:href="images/png/CJ_TM_B2.png"/>
  </item>
  <item item-type="manuscript-supporting-file">
    <instance media-type="image/png" xlink:href="images/png/CJ_TM_B3.png"/>
  </item>
  <item item-type="manuscript-supporting-file">
    <instance media-type="image/png" xlink:href="images/png/CJ_TM_B4.png"/>
  </item>
  <item item-type="manuscript-supporting-file">
    <instance media-type="image/png" xlink:href="images/png/CJ_TM_B5.png"/>
  </item>
  <item item-type="manuscript-supporting-file">
    <instance media-type="image/png" xlink:href="images/png/CJ_TM_B6.png"/>
  </item>
  <item item-type="manuscript-supporting-file">
    <instance media-type="image/png" xlink:href="images/png/CJ_TM_B7.png"/>
  </item>
  <item item-type="manuscript-supporting-file">
    <instance media-type="image/png" xlink:href="images/png/CJ_TM_B8.png"/>
  </item>
  <item item-type="manuscript-supporting-file">
    <instance media-type="image/png" xlink:href="images/png/CJ_TM_B9.png"/>
  </item>
  <item item-type="article-source">
    <instance media-type="application/octet-stream" xlink:href="source/.github/workflows/publish.yml"/>
  </item>
  <item item-type="article-source">
    <instance media-type="application/octet-stream" xlink:href="source/.gitignore"/>
  </item>
  <item item-type="article-source">
    <instance media-type="text/markdown" xlink:href="source/README.md"/>
  </item>
  <item item-type="article-source">
    <instance media-type="application/octet-stream" xlink:href="source/_extensions/quarto-journals/agu/_extension.yml"/>
  </item>
  <item item-type="article-source">
    <instance media-type="application/octet-stream" xlink:href="source/_extensions/quarto-journals/agu/agu.lua"/>
  </item>
  <item item-type="article-source">
    <instance media-type="application/octet-stream" xlink:href="source/_extensions/quarto-journals/agu/agujournal2019.cls"/>
  </item>
  <item item-type="article-source">
    <instance media-type="application/octet-stream" xlink:href="source/_extensions/quarto-journals/agu/american-geophysical-union.csl"/>
  </item>
  <item item-type="article-source">
    <instance media-type="text/plain" xlink:href="source/_extensions/quarto-journals/agu/partials/_affiliations.tex"/>
  </item>
  <item item-type="article-source">
    <instance media-type="text/plain" xlink:href="source/_extensions/quarto-journals/agu/partials/_authors.tex"/>
  </item>
  <item item-type="article-source">
    <instance media-type="text/plain" xlink:href="source/_extensions/quarto-journals/agu/partials/_corresponding-author.tex"/>
  </item>
  <item item-type="article-source">
    <instance media-type="text/plain" xlink:href="source/_extensions/quarto-journals/agu/partials/before-body.tex"/>
  </item>
  <item item-type="article-source">
    <instance media-type="text/plain" xlink:href="source/_extensions/quarto-journals/agu/partials/title.tex"/>
  </item>
  <item item-type="article-source">
    <instance media-type="application/octet-stream" xlink:href="source/_extensions/quarto-journals/agu/trackchanges.sty"/>
  </item>
  <item item-type="article-source">
    <instance media-type="application/octet-stream" xlink:href="source/_extensions/quarto-journals/elsevier/_extension.yml"/>
  </item>
  <item item-type="article-source">
    <instance media-type="application/octet-stream" xlink:href="source/_extensions/quarto-journals/elsevier/bib/elsarticle-harv.bst"/>
  </item>
  <item item-type="article-source">
    <instance media-type="application/octet-stream" xlink:href="source/_extensions/quarto-journals/elsevier/bib/elsarticle-num-names.bst"/>
  </item>
  <item item-type="article-source">
    <instance media-type="application/octet-stream" xlink:href="source/_extensions/quarto-journals/elsevier/bib/elsarticle-num.bst"/>
  </item>
  <item item-type="article-source">
    <instance media-type="application/octet-stream" xlink:href="source/_extensions/quarto-journals/elsevier/bib/elsevier-harvard.csl"/>
  </item>
  <item item-type="article-source">
    <instance media-type="application/octet-stream" xlink:href="source/_extensions/quarto-journals/elsevier/elsarticle.cls"/>
  </item>
  <item item-type="article-source">
    <instance media-type="application/octet-stream" xlink:href="source/_extensions/quarto-journals/elsevier/elsevier.lua"/>
  </item>
  <item item-type="article-source">
    <instance media-type="text/plain" xlink:href="source/_extensions/quarto-journals/elsevier/partials/_two-column-longtable.tex"/>
  </item>
  <item item-type="article-source">
    <instance media-type="text/plain" xlink:href="source/_extensions/quarto-journals/elsevier/partials/before-body.tex"/>
  </item>
  <item item-type="article-source">
    <instance media-type="text/plain" xlink:href="source/_extensions/quarto-journals/elsevier/partials/title.tex"/>
  </item>
  <item item-type="article-source">
    <instance media-type="application/octet-stream" xlink:href="source/_extensions/quarto-journals/elsevier/styles/elsevier.scss"/>
  </item>
  <item item-type="article-source">
    <instance media-type="application/json" xlink:href="source/_freeze/index/execute-results/docx.json"/>
  </item>
  <item item-type="article-source">
    <instance media-type="application/json" xlink:href="source/_freeze/index/execute-results/html.json"/>
  </item>
  <item item-type="article-source">
    <instance media-type="application/json" xlink:href="source/_freeze/index/execute-results/tex.json"/>
  </item>
  <item item-type="article-source">
    <instance media-type="application/json" xlink:href="source/_freeze/index/execute-results/xml.json"/>
  </item>
  <item item-type="article-source">
    <instance media-type="image/png" xlink:href="source/_freeze/index/figure-docx/fig-spatial-plot-output-1.png"/>
  </item>
  <item item-type="article-source">
    <instance media-type="image/png" xlink:href="source/_freeze/index/figure-docx/fig-timeline-1.png"/>
  </item>
  <item item-type="article-source">
    <instance media-type="image/png" xlink:href="source/_freeze/index/figure-html/fig-spatial-plot-output-1.png"/>
  </item>
  <item item-type="article-source">
    <instance media-type="image/png" xlink:href="source/_freeze/index/figure-html/fig-timeline-1.png"/>
  </item>
  <item item-type="article-source">
    <instance media-type="image/png" xlink:href="source/_freeze/index/figure-ipynb/fig-spatial-plot-output-1.png"/>
  </item>
  <item item-type="article-source">
    <instance media-type="image/png" xlink:href="source/_freeze/index/figure-jats/fig-spatial-plot-output-1.png"/>
  </item>
  <item item-type="article-source">
    <instance media-type="image/png" xlink:href="source/_freeze/index/figure-jats/fig-timeline-1.png"/>
  </item>
  <item item-type="article-source">
    <instance media-type="application/pdf" xlink:href="source/_freeze/index/figure-pdf/fig-timeline-1.pdf"/>
  </item>
  <item item-type="article-source">
    <instance media-type="application/json" xlink:href="source/_freeze/notebooks/explore-earthquakes/execute-results/html.json"/>
  </item>
  <item item-type="article-source">
    <instance media-type="application/json" xlink:href="source/_freeze/notebooks/explore-earthquakes/execute-results/xml.json"/>
  </item>
  <item item-type="article-source">
    <instance media-type="image/png" xlink:href="source/_freeze/notebooks/explore-earthquakes/figure-html/fig-spatial-plot-1.png"/>
  </item>
  <item item-type="article-source">
    <instance media-type="image/png" xlink:href="source/_freeze/notebooks/explore-earthquakes/figure-jats/fig-spatial-plot-1.png"/>
  </item>
  <item item-type="article-source">
    <instance media-type="text/css" xlink:href="source/_freeze/site_libs/bootstrap/bootstrap-icons.css"/>
  </item>
  <item item-type="article-source">
    <instance media-type="application/font-woff" xlink:href="source/_freeze/site_libs/bootstrap/bootstrap-icons.woff"/>
  </item>
  <item item-type="article-source">
    <instance media-type="text/css" xlink:href="source/_freeze/site_libs/bootstrap/bootstrap.min.css"/>
  </item>
  <item item-type="article-source">
    <instance media-type="application/javascript" xlink:href="source/_freeze/site_libs/bootstrap/bootstrap.min.js"/>
  </item>
  <item item-type="article-source">
    <instance media-type="application/javascript" xlink:href="source/_freeze/site_libs/clipboard/clipboard.min.js"/>
  </item>
  <item item-type="article-source">
    <instance media-type="application/javascript" xlink:href="source/_freeze/site_libs/manuscript-notebook/headroom.min.js"/>
  </item>
  <item item-type="article-source">
    <instance media-type="text/css" xlink:href="source/_freeze/site_libs/quarto-contrib/glightbox/glightbox.min.css"/>
  </item>
  <item item-type="article-source">
    <instance media-type="application/javascript" xlink:href="source/_freeze/site_libs/quarto-contrib/glightbox/glightbox.min.js"/>
  </item>
  <item item-type="article-source">
    <instance media-type="text/css" xlink:href="source/_freeze/site_libs/quarto-contrib/glightbox/lightbox.css"/>
  </item>
  <item item-type="article-source">
    <instance media-type="application/javascript" xlink:href="source/_freeze/site_libs/quarto-html/anchor.min.js"/>
  </item>
  <item item-type="article-source">
    <instance media-type="application/javascript" xlink:href="source/_freeze/site_libs/quarto-html/popper.min.js"/>
  </item>
  <item item-type="article-source">
    <instance media-type="text/css" xlink:href="source/_freeze/site_libs/quarto-html/quarto-syntax-highlighting.css"/>
  </item>
  <item item-type="article-source">
    <instance media-type="application/javascript" xlink:href="source/_freeze/site_libs/quarto-html/quarto.js"/>
  </item>
  <item item-type="article-source">
    <instance media-type="text/css" xlink:href="source/_freeze/site_libs/quarto-html/tippy.css"/>
  </item>
  <item item-type="article-source">
    <instance media-type="application/javascript" xlink:href="source/_freeze/site_libs/quarto-html/tippy.umd.min.js"/>
  </item>
  <item item-type="article-source">
    <instance media-type="application/octet-stream" xlink:href="source/_quarto.yml"/>
  </item>
  <item item-type="article-source">
    <instance media-type="application/octet-stream" xlink:href="source/code/figures.R"/>
  </item>
  <item item-type="article-source">
    <instance media-type="application/octet-stream" xlink:href="source/elsarticle-harv.bst"/>
  </item>
  <item item-type="article-source">
    <instance media-type="application/octet-stream" xlink:href="source/elsarticle.cls"/>
  </item>
  <item item-type="article-source">
    <instance media-type="application/pdf" xlink:href="source/images/pdf/CJ_TM_A1.pdf"/>
  </item>
  <item item-type="article-source">
    <instance media-type="application/pdf" xlink:href="source/images/pdf/CJ_TM_A2.pdf"/>
  </item>
  <item item-type="article-source">
    <instance media-type="application/pdf" xlink:href="source/images/pdf/CJ_TM_A3.pdf"/>
  </item>
  <item item-type="article-source">
    <instance media-type="application/pdf" xlink:href="source/images/pdf/CJ_TM_A4.pdf"/>
  </item>
  <item item-type="article-source">
    <instance media-type="application/pdf" xlink:href="source/images/pdf/CJ_TM_B1.pdf"/>
  </item>
  <item item-type="article-source">
    <instance media-type="application/pdf" xlink:href="source/images/pdf/CJ_TM_B2.pdf"/>
  </item>
  <item item-type="article-source">
    <instance media-type="application/pdf" xlink:href="source/images/pdf/CJ_TM_B3.pdf"/>
  </item>
  <item item-type="article-source">
    <instance media-type="application/pdf" xlink:href="source/images/pdf/CJ_TM_B4.pdf"/>
  </item>
  <item item-type="article-source">
    <instance media-type="application/pdf" xlink:href="source/images/pdf/CJ_TM_B5.pdf"/>
  </item>
  <item item-type="article-source">
    <instance media-type="application/pdf" xlink:href="source/images/pdf/CJ_TM_B6.pdf"/>
  </item>
  <item item-type="article-source">
    <instance media-type="application/pdf" xlink:href="source/images/pdf/CJ_TM_B7.pdf"/>
  </item>
  <item item-type="article-source">
    <instance media-type="application/pdf" xlink:href="source/images/pdf/CJ_TM_B8.pdf"/>
  </item>
  <item item-type="article-source">
    <instance media-type="application/pdf" xlink:href="source/images/pdf/CJ_TM_B9.pdf"/>
  </item>
  <item item-type="article-source">
    <instance media-type="text/plain" xlink:href="source/images/pdf/pdf2png.txt"/>
  </item>
  <item item-type="article-source">
    <instance media-type="application/pdf" xlink:href="source/images/pdf/thurstone_cases.pdf"/>
  </item>
  <item item-type="article-source">
    <instance media-type="image/png" xlink:href="source/images/png/CJ_TM_A1.png"/>
  </item>
  <item item-type="article-source">
    <instance media-type="image/png" xlink:href="source/images/png/CJ_TM_A2.png"/>
  </item>
  <item item-type="article-source">
    <instance media-type="image/png" xlink:href="source/images/png/CJ_TM_A3.png"/>
  </item>
  <item item-type="article-source">
    <instance media-type="image/png" xlink:href="source/images/png/CJ_TM_A4.png"/>
  </item>
  <item item-type="article-source">
    <instance media-type="image/png" xlink:href="source/images/png/CJ_TM_B1.png"/>
  </item>
  <item item-type="article-source">
    <instance media-type="image/png" xlink:href="source/images/png/CJ_TM_B2.png"/>
  </item>
  <item item-type="article-source">
    <instance media-type="image/png" xlink:href="source/images/png/CJ_TM_B3.png"/>
  </item>
  <item item-type="article-source">
    <instance media-type="image/png" xlink:href="source/images/png/CJ_TM_B4.png"/>
  </item>
  <item item-type="article-source">
    <instance media-type="image/png" xlink:href="source/images/png/CJ_TM_B5.png"/>
  </item>
  <item item-type="article-source">
    <instance media-type="image/png" xlink:href="source/images/png/CJ_TM_B6.png"/>
  </item>
  <item item-type="article-source">
    <instance media-type="image/png" xlink:href="source/images/png/CJ_TM_B7.png"/>
  </item>
  <item item-type="article-source">
    <instance media-type="image/png" xlink:href="source/images/png/CJ_TM_B8.png"/>
  </item>
  <item item-type="article-source">
    <instance media-type="image/png" xlink:href="source/images/png/CJ_TM_B9.png"/>
  </item>
  <item item-type="article-source">
    <instance media-type="image/png" xlink:href="source/images/png/correlation.png"/>
  </item>
  <item item-type="article-source">
    <instance media-type="image/png" xlink:href="source/images/png/cummulative.png"/>
  </item>
  <item item-type="article-source">
    <instance media-type="image/png" xlink:href="source/images/png/cumulative_bramley.png"/>
  </item>
  <item item-type="article-source">
    <instance media-type="image/png" xlink:href="source/images/png/density.png"/>
  </item>
  <item item-type="article-source">
    <instance media-type="image/png" xlink:href="source/images/png/density_bramley.png"/>
  </item>
  <item item-type="article-source">
    <instance media-type="image/png" xlink:href="source/images/png/discriminal_difference.png"/>
  </item>
  <item item-type="article-source">
    <instance media-type="image/png" xlink:href="source/images/png/discriminal_difference_bramley.png"/>
  </item>
  <item item-type="article-source">
    <instance media-type="image/png" xlink:href="source/images/png/discriminal_process.png"/>
  </item>
  <item item-type="article-source">
    <instance media-type="image/png" xlink:href="source/images/png/discriminal_process_bramley.png"/>
  </item>
  <item item-type="article-source">
    <instance media-type="image/png" xlink:href="source/images/png/dispersion.png"/>
  </item>
  <item item-type="article-source">
    <instance media-type="image/png" xlink:href="source/images/png/thurstone_cases.png"/>
  </item>
  <item item-type="article-source">
    <instance media-type="text/plain" xlink:href="source/images/text/CJ_TM_A1.tex"/>
  </item>
  <item item-type="article-source">
    <instance media-type="text/plain" xlink:href="source/images/text/CJ_TM_A2.tex"/>
  </item>
  <item item-type="article-source">
    <instance media-type="text/plain" xlink:href="source/images/text/CJ_TM_A3.tex"/>
  </item>
  <item item-type="article-source">
    <instance media-type="text/plain" xlink:href="source/images/text/CJ_TM_A4.tex"/>
  </item>
  <item item-type="article-source">
    <instance media-type="text/plain" xlink:href="source/images/text/CJ_TM_B1.tex"/>
  </item>
  <item item-type="article-source">
    <instance media-type="text/plain" xlink:href="source/images/text/CJ_TM_B2.tex"/>
  </item>
  <item item-type="article-source">
    <instance media-type="text/plain" xlink:href="source/images/text/CJ_TM_B3.tex"/>
  </item>
  <item item-type="article-source">
    <instance media-type="text/plain" xlink:href="source/images/text/CJ_TM_B4.tex"/>
  </item>
  <item item-type="article-source">
    <instance media-type="text/plain" xlink:href="source/images/text/CJ_TM_B5.tex"/>
  </item>
  <item item-type="article-source">
    <instance media-type="text/plain" xlink:href="source/images/text/CJ_TM_B6.tex"/>
  </item>
  <item item-type="article-source">
    <instance media-type="text/plain" xlink:href="source/images/text/CJ_TM_B7.tex"/>
  </item>
  <item item-type="article-source">
    <instance media-type="text/plain" xlink:href="source/images/text/CJ_TM_B8.tex"/>
  </item>
  <item item-type="article-source">
    <instance media-type="text/plain" xlink:href="source/images/text/CJ_TM_B9.tex"/>
  </item>
  <item item-type="article-source">
    <instance media-type="text/plain" xlink:href="source/images/text/thurstone_cases.tex"/>
  </item>
  <item item-type="article-source">
    <instance media-type="application/octet-stream" xlink:href="source/manuscript-template-rstudio.Rproj"/>
  </item>
  <item item-type="article-source">
    <instance media-type="application/octet-stream" xlink:href="source/paper2.qmd"/>
  </item>
  <item item-type="article-source">
    <instance media-type="application/octet-stream" xlink:href="source/paper2.spl"/>
  </item>
  <item item-type="article-source">
    <instance media-type="application/octet-stream" xlink:href="source/references.bib"/>
  </item>
  <item item-type="article-source">
    <instance media-type="text/css" xlink:href="source/site_libs/bootstrap/bootstrap-icons.css"/>
  </item>
  <item item-type="article-source">
    <instance media-type="application/font-woff" xlink:href="source/site_libs/bootstrap/bootstrap-icons.woff"/>
  </item>
  <item item-type="article-source">
    <instance media-type="text/css" xlink:href="source/site_libs/bootstrap/bootstrap.min.css"/>
  </item>
  <item item-type="article-source">
    <instance media-type="application/javascript" xlink:href="source/site_libs/bootstrap/bootstrap.min.js"/>
  </item>
  <item item-type="article-source">
    <instance media-type="application/javascript" xlink:href="source/site_libs/clipboard/clipboard.min.js"/>
  </item>
  <item item-type="article-source">
    <instance media-type="text/css" xlink:href="source/site_libs/quarto-contrib/glightbox/glightbox.min.css"/>
  </item>
  <item item-type="article-source">
    <instance media-type="application/javascript" xlink:href="source/site_libs/quarto-contrib/glightbox/glightbox.min.js"/>
  </item>
  <item item-type="article-source">
    <instance media-type="text/css" xlink:href="source/site_libs/quarto-contrib/glightbox/lightbox.css"/>
  </item>
  <item item-type="article-source">
    <instance media-type="application/javascript" xlink:href="source/site_libs/quarto-html/anchor.min.js"/>
  </item>
  <item item-type="article-source">
    <instance media-type="application/javascript" xlink:href="source/site_libs/quarto-html/popper.min.js"/>
  </item>
  <item item-type="article-source">
    <instance media-type="text/css" xlink:href="source/site_libs/quarto-html/quarto-syntax-highlighting.css"/>
  </item>
  <item item-type="article-source">
    <instance media-type="application/javascript" xlink:href="source/site_libs/quarto-html/quarto.js"/>
  </item>
  <item item-type="article-source">
    <instance media-type="text/css" xlink:href="source/site_libs/quarto-html/tippy.css"/>
  </item>
  <item item-type="article-source">
    <instance media-type="application/javascript" xlink:href="source/site_libs/quarto-html/tippy.umd.min.js"/>
  </item>
  <item item-type="article-source-directory">
    <instance media-type="application/x-directory" xlink:href="source"/>
  </item>
</manifest>