<?xml version="1.0" encoding="utf-8" ?>
<!DOCTYPE article PUBLIC "-//NLM//DTD JATS (Z39.96) Journal Archiving
and Interchange DTD v1.2 20190208//EN" "JATS-archivearticle1.dtd">

<article xmlns:mml="http://www.w3.org/1998/Math/MathML" xmlns:xlink="http://www.w3.org/1999/xlink" dtd-version="1.2" article-type="other">

<front>
<journal-meta>
<journal-id></journal-id>

<journal-title-group>
</journal-title-group>
<issn></issn>

<publisher>
<publisher-name></publisher-name>
</publisher>
</journal-meta>


<article-meta>


<title-group>
<article-title>Let’s talk about Thurstone &amp; Co.: An
information-theoretical model for comparative judgments, and its
statistical translation</article-title>
</title-group>

<contrib-group>
<contrib contrib-type="author" corresp="yes">
<contrib-id contrib-id-type="orcid">0000-0002-3088-2783</contrib-id>
<name>
<surname>Rivera Espejo</surname>
<given-names>Jose Manuel</given-names>
</name>
<string-name>Jose Manuel Rivera Espejo</string-name>

<email>JoseManuel.RiveraEspejo@uantwerpen.be</email>
<xref ref-type="aff" rid="aff-1">a</xref>
<xref ref-type="corresp" rid="cor-1">&#x002A;</xref>
</contrib>
<contrib contrib-type="author">
<contrib-id contrib-id-type="orcid">https://orcid.org/0000-0001-9398-9775</contrib-id>
<name>
<surname>van Daal</surname>
<given-names>Tine</given-names>
</name>
<string-name>Tine van Daal</string-name>

<email>tine.vandaal@uantwerpen.be</email>
<xref ref-type="aff" rid="aff-1">a</xref>
</contrib>
<contrib contrib-type="author">
<contrib-id contrib-id-type="orcid">0000-0003-2888-1631</contrib-id>
<name>
<surname>De Maeyer</surname>
<given-names>Sven</given-names>
</name>
<string-name>Sven De Maeyer</string-name>

<email>sven.demaeyer@uantwerpen.be</email>
<xref ref-type="aff" rid="aff-1">a</xref>
</contrib>
<contrib contrib-type="author">
<name>
<surname>Gillis</surname>
<given-names>Steven</given-names>
</name>
<string-name>Steven Gillis</string-name>

<email>steven.gillis@uantwerpen.be</email>
<xref ref-type="aff" rid="aff-2">b</xref>
</contrib>
</contrib-group>
<aff id="aff-1">
<institution content-type="dept">Training and education
sciences</institution>
<institution-wrap>
<institution>University of Antwerp</institution>
</institution-wrap>







</aff>
<aff id="aff-2">
<institution content-type="dept">Linguistics</institution>
<institution-wrap>
<institution>University of Antwerp</institution>
</institution-wrap>







</aff>
<author-notes>
<corresp id="cor-1">JoseManuel.RiveraEspejo@uantwerpen.be</corresp>
</author-notes>

<pub-date date-type="pub" publication-format="electronic" iso-8601-date="2024-12-17">
<year>2024</year>
<month>12</month>
<day>17</day>
</pub-date>







<history></history>


<abstract>
<p>This study revisits Thurstone’s law of comparative judgments (CJ) by
addressing two key limitations in traditional approaches. Firstly, it
addresses the overreliance on the assumptions of Thurstone’s Case V in
the statistical analysis of CJ data. Secondly, it addresses the apparent
disconnect between CJ’s approach to trait measurement and hypothesis
testing. We put forward a systematic approach based on causal analysis
and Bayesian statistical methods, which results in a model that
facilitates a more comprehensive understanding of the factors
influencing CJ experiments while offering a robust statistical
translation. The new model accommodates unequal dispersions and
correlations between stimuli, enhancing the reliability and validity of
CJ’s trait estimation, thereby ensuring the accurate measurement and
interpretation of comparative data. The paper highlights the relevance
of this updated framework for modern empirical research, particularly in
education and social sciences. This contribution advances current
research methodologies, providing a robust foundation for future
applications in diverse fields.</p>
</abstract>
<kwd-group kwd-group-type="author">
<kwd>Causal analysis</kwd>
<kwd>Directed Acyclic Graphs</kwd>
<kwd>Bayesian statistical methods</kwd>
<kwd>Thurstonian model</kwd>
<kwd>Comparative judgement</kwd>
<kwd>Probability</kwd>
<kwd>Statistical modeling</kwd>
</kwd-group>


<funding-group>
<funding-statement>The project was founded through the Research Fund of
the University of Antwerp (BOF).</funding-statement>
</funding-group>


</article-meta>

</front>

<body>
<sec id="sec-introduction">
  <title>Introduction</title>
  <p>In <italic>comparative judgment</italic> (CJ) studies, judges
  assess a specific trait or attribute across various stimuli by
  performing pairwise comparisons
  (<xref alt="Thurstone 1927b" rid="ref-Thurstone_1927a" ref-type="bibr">Thurstone
  1927b</xref>,
  <xref alt="1927a" rid="ref-Thurstone_1927b" ref-type="bibr">1927a</xref>).
  Each comparison produces a dichotomous outcome, indicating which
  stimulus is perceived to exhibit a higher trait level. For example,
  when assessing text quality, judges compare pairs of written texts
  (the stimuli) to determine the relative quality each text exhibit (the
  trait)
  (<xref alt="Laming 2004" rid="ref-Laming_2004" ref-type="bibr">Laming
  2004</xref>;
  <xref alt="Pollitt 2012b" rid="ref-Pollitt_2012b" ref-type="bibr">Pollitt
  2012b</xref>;
  <xref alt="Whitehouse 2012" rid="ref-Whitehouse_2012" ref-type="bibr">Whitehouse
  2012</xref>;
  <xref alt="van Daal et al. 2016" rid="ref-vanDaal_et_al_2016" ref-type="bibr">van
  Daal et al. 2016</xref>;
  <xref alt="Lesterhuis 2018a" rid="ref-Lesterhuis_2018_thesis" ref-type="bibr">Lesterhuis
  2018a</xref>;
  <xref alt="Coertjens et al. 2017" rid="ref-Coertjens_et_al_2017" ref-type="bibr">Coertjens
  et al. 2017</xref>;
  <xref alt="Goossens and De Maeyer 2018" rid="ref-Goossens_et_al_2018" ref-type="bibr">Goossens
  and De Maeyer 2018</xref>;
  <xref alt="Bouwer et al. 2023" rid="ref-Bouwer_et_al_2023" ref-type="bibr">Bouwer
  et al. 2023</xref>).</p>
  <p>Numerous studies have documented the effectiveness of CJ in
  assessing traits and competencies over the past decade. These studies
  have emphasized three aspects of the method’s effectiveness: its
  reliability, validity, and practical applicability. Research on
  reliability indicates that CJ requires a relatively small number of
  pairwise comparisons
  (<xref alt="Verhavert et al. 2019" rid="ref-Verhavert_et_al_2019" ref-type="bibr">Verhavert
  et al. 2019</xref>;
  <xref alt="Crompvoets, Béguin, and Sijtsma 2022" rid="ref-Crompvoets_et_al_2022" ref-type="bibr">Crompvoets,
  Béguin, and Sijtsma 2022</xref>) to produce trait scores that are as
  precise and consistent as those generated by other assessment methods
  (<xref alt="Coertjens et al. 2017" rid="ref-Coertjens_et_al_2017" ref-type="bibr">Coertjens
  et al. 2017</xref>;
  <xref alt="Goossens and De Maeyer 2018" rid="ref-Goossens_et_al_2018" ref-type="bibr">Goossens
  and De Maeyer 2018</xref>;
  <xref alt="Bouwer et al. 2023" rid="ref-Bouwer_et_al_2023" ref-type="bibr">Bouwer
  et al. 2023</xref>). Furthermore, evidence suggests that the
  reliability and time efficiency of CJ are comparable, if not superior,
  to those of other assessment methods when employing adaptive
  comparison algorithms
  (<xref alt="Pollitt 2012b" rid="ref-Pollitt_2012b" ref-type="bibr">Pollitt
  2012b</xref>;
  <xref alt="Verhavert, Furlong, and Bouwer 2022" rid="ref-Verhavert_et_al_2022" ref-type="bibr">Verhavert,
  Furlong, and Bouwer 2022</xref>;
  <xref alt="Mikhailiuk et al. 2021" rid="ref-Mikhailiuk_et_al_2021" ref-type="bibr">Mikhailiuk
  et al. 2021</xref>). Meanwhile, research on validity suggests that
  scores generated by CJ can accurately represent the traits under
  measurement
  (<xref alt="Whitehouse 2012" rid="ref-Whitehouse_2012" ref-type="bibr">Whitehouse
  2012</xref>;
  <xref alt="van Daal et al. 2016" rid="ref-vanDaal_et_al_2016" ref-type="bibr">van
  Daal et al. 2016</xref>;
  <xref alt="Lesterhuis 2018a" rid="ref-Lesterhuis_2018_thesis" ref-type="bibr">Lesterhuis
  2018a</xref>;
  <xref alt="Bartholomew et al. 2018" rid="ref-Bartholomew_et_al_2018" ref-type="bibr">Bartholomew
  et al. 2018</xref>;
  <xref alt="Bouwer et al. 2023" rid="ref-Bouwer_et_al_2023" ref-type="bibr">Bouwer
  et al. 2023</xref>), while research on practical applicability
  highlights the method’s versatility across both educational and
  non-educational contexts
  (<xref alt="Kimbell 2012" rid="ref-Kimbell_2012" ref-type="bibr">Kimbell
  2012</xref>;
  <xref alt="Jones and Inglis 2015" rid="ref-Jones_et_al_2015" ref-type="bibr">Jones
  and Inglis 2015</xref>;
  <xref alt="Bartholomew et al. 2018" rid="ref-Bartholomew_et_al_2018" ref-type="bibr">Bartholomew
  et al. 2018</xref>;
  <xref alt="Jones et al. 2019" rid="ref-Jones_et_al_2019" ref-type="bibr">Jones
  et al. 2019</xref>;
  <xref alt="Marshall et al. 2020" rid="ref-Marshall_et_al_2020" ref-type="bibr">Marshall
  et al. 2020</xref>;
  <xref alt="Bartholomew and Williams 2020" rid="ref-Bartholomew_et_al_2020" ref-type="bibr">Bartholomew
  and Williams 2020</xref>;
  <xref alt="Boonen, Kloots, and Gillis 2020" rid="ref-Boonen_et_al_2020" ref-type="bibr">Boonen,
  Kloots, and Gillis 2020</xref>).</p>
  <p>Nevertheless, despite the increasing number of CJ studies,
  unsystematic and fragmented research approaches have left several
  critical issues unaddressed. The present study primarily focuses on
  two: the overreliance on the assumptions of Thurstone’s Case V in the
  statistical analysis of CJ data, and the apparent disconnect between
  CJ’s approach to trait measurement and hypothesis testing. The
  following sections begin with a brief overview of Thurstone’s theory
  and a detailed examination of these issues. Subsequently, the study
  introduces a theoretical model for CJ that builds upon Thurstone’s
  theory, alongside its statistical translation, designed to address the
  two concerns simultaneously.</p>
</sec>
<sec id="sec-thurstone_theory">
  <title>Thurstone’s theory</title>
  <p>In its most general form, Thurstone’s theory addresses pairwise
  comparisons where a single judge evaluates multiple stimuli
  (<xref alt="Thurstone 1927a, 267" rid="ref-Thurstone_1927b" ref-type="bibr">Thurstone
  1927a, 267</xref>). The theory posits that two key factors determine
  the dichotomous outcome of these comparisons: the discriminal process
  of each stimulus and their discriminal difference. The
  <italic>discriminal process</italic> captures the psychological impact
  each stimulus exerts on the judge or, more simply, his perception of
  the stimulus trait. The theory assumes that the discriminal process
  for any given stimulus forms a Normal distribution along the trait
  continuum
  (<xref alt="Thurstone 1927a, 266" rid="ref-Thurstone_1927b" ref-type="bibr">Thurstone
  1927a, 266</xref>). The mode (mean) of this distribution, known as the
  <italic>modal discriminal process</italic>, indicates the stimulus
  position on this continuum, while its dispersion, referred to as the
  <italic>discriminal dispersion</italic>, reflects variability in the
  perceived trait of the stimulus.</p>
  <p><xref alt="Figure 1 (a)" rid="fig-discriminal_process">Figure 1
  (a)</xref> illustrates hypothetical discriminal processes along a
  quality trait continuum for two written texts. The figure indicates
  that the modal discriminal process for Text B is positioned further
  along the continuum than that of Text A <inline-formula><alternatives>
  <tex-math><![CDATA[(S_{B} > S_{A})]]></tex-math>
  <mml:math display="inline" xmlns:mml="http://www.w3.org/1998/Math/MathML"><mml:mrow><mml:mo stretchy="true" form="prefix">(</mml:mo><mml:msub><mml:mi>S</mml:mi><mml:mi>B</mml:mi></mml:msub><mml:mo>&gt;</mml:mo><mml:msub><mml:mi>S</mml:mi><mml:mi>A</mml:mi></mml:msub><mml:mo stretchy="true" form="postfix">)</mml:mo></mml:mrow></mml:math></alternatives></inline-formula>,
  suggesting that Text B exhibits higher quality. Additionally, the
  figure highlights that Text B has a broader distribution compared to
  Text A, which arises from its larger discriminal dispersion
  <inline-formula><alternatives>
  <tex-math><![CDATA[(\sigma_{B} > \sigma_{A})]]></tex-math>
  <mml:math display="inline" xmlns:mml="http://www.w3.org/1998/Math/MathML"><mml:mrow><mml:mo stretchy="true" form="prefix">(</mml:mo><mml:msub><mml:mi>σ</mml:mi><mml:mi>B</mml:mi></mml:msub><mml:mo>&gt;</mml:mo><mml:msub><mml:mi>σ</mml:mi><mml:mi>A</mml:mi></mml:msub><mml:mo stretchy="true" form="postfix">)</mml:mo></mml:mrow></mml:math></alternatives></inline-formula>.</p>
  <fig id="fig-thurstone_theory">
    <caption><p>Figure 1: Hypothetical discriminal processes and
    discriminant difference along a quality trait continuum for two
    written texts.</p></caption>
    <table-wrap>
      <table>
        <colgroup>
          <col width="50%" />
          <col width="50%" />
        </colgroup>
        <tbody>
          <tr>
            <td align="left"><p specific-use="wrapper">
              <boxed-text>
                <fig id="fig-discriminal_process">
                  <caption><p>(a) Discriminal processes</p></caption>
                  <graphic mimetype="image" mime-subtype="png" xlink:href="./images/png/discriminal_process.png" />
                </fig>
              </boxed-text>
            </p></td>
            <td align="left"><p specific-use="wrapper">
              <boxed-text>
                <fig id="fig-discriminal_difference">
                  <caption><p>(b) Discriminal difference</p></caption>
                  <graphic mimetype="image" mime-subtype="png" xlink:href="./images/png/discriminal_difference.png" />
                </fig>
              </boxed-text>
            </p></td>
          </tr>
        </tbody>
      </table>
    </table-wrap>
  </fig>
  <p>However, since the individual discriminal processes of the stimuli
  are not directly observable, the theory introduces <italic>the law of
  comparative judgment</italic>. This law posits that in pairwise
  comparisons, a judge perceives the stimulus with a discriminal process
  positioned further along the trait continuum as possessing more of the
  trait
  (<xref alt="Bramley 2008, 251" rid="ref-Bramley_2008" ref-type="bibr">Bramley
  2008, 251</xref>). This suggests that the relative distance between
  stimuli, rather than their absolute positions on the continuum, likely
  defines the outcome of pairwise comparisons. Indeed, the theory
  assumes that the difference between the underlying discriminal
  processes of the stimuli, referred to as <italic>the discriminal
  difference</italic>, determines the observed dichotomous outcome.
  Moreover, the theory assumes that because the individual discriminal
  processes form a Normal distribution on the continuum, the discriminal
  difference will also conform to a Normal distribution
  (<xref alt="Andrich 1978" rid="ref-Andrich_1978" ref-type="bibr">Andrich
  1978</xref>). In this distribution, the mode (mean) represents the
  relative separation between the stimuli, and its dispersion indicates
  the variability of that separation.</p>
  <p><xref alt="Figure 1 (b)" rid="fig-discriminal_difference">Figure 1
  (b)</xref> illustrates the distribution of the discriminal difference
  for the hypothetical texts depicted in panel
  <xref alt="Figure 1 (a)" rid="fig-discriminal_process">Figure 1
  (a)</xref>. The figure indicates that the judge perceives Text B as
  having significantly higher quality than Text A. This conclusion rests
  on two key observations: the positive difference between their modal
  discriminal processes <inline-formula><alternatives>
  <tex-math><![CDATA[(S_{B} - S_{A} > 0)]]></tex-math>
  <mml:math display="inline" xmlns:mml="http://www.w3.org/1998/Math/MathML"><mml:mrow><mml:mo stretchy="true" form="prefix">(</mml:mo><mml:msub><mml:mi>S</mml:mi><mml:mi>B</mml:mi></mml:msub><mml:mo>−</mml:mo><mml:msub><mml:mi>S</mml:mi><mml:mi>A</mml:mi></mml:msub><mml:mo>&gt;</mml:mo><mml:mn>0</mml:mn><mml:mo stretchy="true" form="postfix">)</mml:mo></mml:mrow></mml:math></alternatives></inline-formula>
  and the probability area where the discriminal difference distinctly
  favors Text B over Text A, represented by the shaded gray area denoted
  as <inline-formula><alternatives>
  <tex-math><![CDATA[P(B > A)]]></tex-math>
  <mml:math display="inline" xmlns:mml="http://www.w3.org/1998/Math/MathML"><mml:mrow><mml:mi>P</mml:mi><mml:mrow><mml:mo stretchy="true" form="prefix">(</mml:mo><mml:mi>B</mml:mi><mml:mo>&gt;</mml:mo><mml:mi>A</mml:mi><mml:mo stretchy="true" form="postfix">)</mml:mo></mml:mrow></mml:mrow></mml:math></alternatives></inline-formula>.
  As a result, the dichotomous outcome of this comparison is more likely
  to favor Text B over Text A.</p>
</sec>
<sec id="sec-theory-issues">
  <title>The two critical issues in CJ literature</title>
  <p>This section examines the two critical issues in the CJ literature
  that serve as the primary focus of this study. The first is the
  overreliance on Thurstone’s Case V assumptions in the statistical
  analysis of CJ data. The second is the apparent disconnect between
  CJ’s approach to trait measurement and hypothesis testing.</p>
  <sec id="sec-theory-issue1">
    <title>The Case V and the statistical analysis of CJ data</title>
    <p>Thurstone observed that the general form of the theory, outlined
    in
    <xref alt="Section 2" rid="sec-thurstone_theory">Section 2</xref>,
    created a trait scaling problem. The model required estimating more
    “unknown” parameters than the available pairwise comparisons
    (<xref alt="Thurstone 1927a, 267" rid="ref-Thurstone_1927b" ref-type="bibr">Thurstone
    1927a, 267</xref>). To address this issue and facilitate the
    practical application of the theory, he developed five cases derived
    from this general form, each case progressively incorporating
    additional simplifying assumptions into the model.</p>
    <p>In Case I, Thurstone assumed that pairs of stimuli maintained a
    constant correlation across all comparisons. In Case II, he allowed
    multiple judges to make comparisons instead of restricting
    evaluations to a single judge. In Case III, he introduced the
    assumption of zero correlation between stimuli. In Case IV, he
    assumed stimuli exhibited similar dispersions. Finally, in Case V,
    he replaced this assumption with the condition that stimuli had
    equal discriminal dispersions.
    <xref alt="Table 1" rid="tbl-thurstone_cases">Table 1</xref>
    summarizes the assumptions of the general form and the five cases.
    For an in-depth discussion of these cases and their progression,
    refer to Thurstone
    (<xref alt="1927a" rid="ref-Thurstone_1927b" ref-type="bibr">1927a</xref>)
    and Bramley
    (<xref alt="2008, 248–53" rid="ref-Bramley_2008" ref-type="bibr">2008,
    248–53</xref>).</p>
    <fig id="tbl-thurstone_cases">
      <caption><p>Table 1: Thurstones cases and their
      asumptions</p></caption>
      <graphic mimetype="image" mime-subtype="png" xlink:href="./images/png/thurstone_cases.png" />
    </fig>
    <p>Despite relying on the most extensive set of simplifying
    assumptions
    (<xref alt="Bramley 2008, 253" rid="ref-Bramley_2008" ref-type="bibr">Bramley
    2008, 253</xref>;
    <xref alt="Kelly, Richardson, and Isaacs 2022, 677" rid="ref-Kelly_et_al_2022" ref-type="bibr">Kelly,
    Richardson, and Isaacs 2022, 677</xref>), Case V remains the most
    widely used case in the CJ literature. This popularity stems mainly
    from its simplified statistical representation in the
    Bradley-Terry-Luce (BTL) model
    (<xref alt="Bradley and Terry 1952" rid="ref-Bradley_et_al_1952" ref-type="bibr">Bradley
    and Terry 1952</xref>;
    <xref alt="Luce 1959" rid="ref-Luce_1959" ref-type="bibr">Luce
    1959</xref>). The BTL model mirrors the assumptions of Case V, with
    one key difference: while Case V assumes a Normal distribution for
    the stimuli’s discriminal processes, the BTL model uses the more
    mathematically tractable Logistic distribution
    (<xref alt="Andrich 1978" rid="ref-Andrich_1978" ref-type="bibr">Andrich
    1978</xref>;
    <xref alt="Bramley 2008, 254" rid="ref-Bramley_2008" ref-type="bibr">Bramley
    2008, 254</xref>) (see
    <xref alt="Table 1" rid="tbl-thurstone_cases">Table 1</xref>). This
    substitution has little impact on the model’s estimation or
    interpretation, as the Normal and Logistic distributions share
    similar statistical properties, differing only by a scaling factor
    of approximately <inline-formula><alternatives>
    <tex-math><![CDATA[1.7]]></tex-math>
    <mml:math display="inline" xmlns:mml="http://www.w3.org/1998/Math/MathML"><mml:mn>1.7</mml:mn></mml:math></alternatives></inline-formula>
    (<xref alt="van der Linden 2017a, 1:16" rid="ref-vanderLinden_et_al_2017_I" ref-type="bibr">van
    der Linden 2017a, 1:16</xref>).</p>
    <p>However, Thurstone originally developed Case V to provide a
    “rather coarse scaling” of traits
    (<xref alt="Thurstone 1927a, 269" rid="ref-Thurstone_1927b" ref-type="bibr">Thurstone
    1927a, 269</xref>), prioritizing statistical simplicity over
    precision in trait measurement
    (<xref alt="Kelly, Richardson, and Isaacs 2022, 677" rid="ref-Kelly_et_al_2022" ref-type="bibr">Kelly,
    Richardson, and Isaacs 2022, 677</xref>). He explicitly warned
    against its untested application, stating that its use “should not
    be made without (an) experimental test”
    (<xref alt="Thurstone 1927a, 270" rid="ref-Thurstone_1927b" ref-type="bibr">Thurstone
    1927a, 270</xref>), acknowledging that some assumptions could prove
    problematic when researchers assess complex traits or heterogeneous
    stimuli
    (<xref alt="Thurstone 1927b, 376" rid="ref-Thurstone_1927a" ref-type="bibr">Thurstone
    1927b, 376</xref>). Consequently, given that modern CJ applications
    frequently involve such traits and stimuli, two main assumptions of
    Case V and, by extension, of the BTL model may not consistently hold
    in theory or practice: the assumption of equal dispersion and zero
    correlation between stimuli.</p>
    <sec id="sec-theory-issue1a">
      <title>The assumption of equal dispersions between stimuli</title>
      <p>According to the theory, discrepancies in the discriminal
      dispersions of stimuli shape the distribution of the discriminal
      difference, exerting a direct influence on the outcome of pairwise
      comparisons.
      <xref alt="Figure 2 (a)" rid="fig-dispersion">Figure 2 (a)</xref>
      illustrates this idea using a thought experiment in which a
      researcher can observe the discriminal processes for the texts
      shown in
      <xref alt="Figure 1 (a)" rid="fig-discriminal_process">Figure 1
      (a)</xref>. Furthermore, the figure assumes that the discriminal
      dispersion for Text A remains constant and that the texts are
      uncorrelated <inline-formula><alternatives>
      <tex-math><![CDATA[(\rho=0)]]></tex-math>
      <mml:math display="inline" xmlns:mml="http://www.w3.org/1998/Math/MathML"><mml:mrow><mml:mo stretchy="true" form="prefix">(</mml:mo><mml:mi>ρ</mml:mi><mml:mo>=</mml:mo><mml:mn>0</mml:mn><mml:mo stretchy="true" form="postfix">)</mml:mo></mml:mrow></mml:math></alternatives></inline-formula>.
      The figure reveals that an increase in the uncertainty associated
      with the perception of Text B in comparison to Text A,
      <inline-formula><alternatives>
      <tex-math><![CDATA[(\sigma_{B}-\sigma_{A})]]></tex-math>
      <mml:math display="inline" xmlns:mml="http://www.w3.org/1998/Math/MathML"><mml:mrow><mml:mo stretchy="true" form="prefix">(</mml:mo><mml:msub><mml:mi>σ</mml:mi><mml:mi>B</mml:mi></mml:msub><mml:mo>−</mml:mo><mml:msub><mml:mi>σ</mml:mi><mml:mi>A</mml:mi></mml:msub><mml:mo stretchy="true" form="postfix">)</mml:mo></mml:mrow></mml:math></alternatives></inline-formula>,
      broadens the distribution of their discriminal difference. This
      broadening affects the probability area where the discriminal
      difference distinctly favors Text B over Text A, expressed as
      <inline-formula><alternatives>
      <tex-math><![CDATA[P(B > A)]]></tex-math>
      <mml:math display="inline" xmlns:mml="http://www.w3.org/1998/Math/MathML"><mml:mrow><mml:mi>P</mml:mi><mml:mrow><mml:mo stretchy="true" form="prefix">(</mml:mo><mml:mi>B</mml:mi><mml:mo>&gt;</mml:mo><mml:mi>A</mml:mi><mml:mo stretchy="true" form="postfix">)</mml:mo></mml:mrow></mml:mrow></mml:math></alternatives></inline-formula>,
      ultimately influencing the comparison outcome. Additionally, the
      figure reveals that when the discriminal dispersions of the texts
      are equal <inline-formula><alternatives>
      <tex-math><![CDATA[(\sigma_{B}-\sigma_{A}=0)]]></tex-math>
      <mml:math display="inline" xmlns:mml="http://www.w3.org/1998/Math/MathML"><mml:mrow><mml:mo stretchy="true" form="prefix">(</mml:mo><mml:msub><mml:mi>σ</mml:mi><mml:mi>B</mml:mi></mml:msub><mml:mo>−</mml:mo><mml:msub><mml:mi>σ</mml:mi><mml:mi>A</mml:mi></mml:msub><mml:mo>=</mml:mo><mml:mn>0</mml:mn><mml:mo stretchy="true" form="postfix">)</mml:mo></mml:mrow></mml:math></alternatives></inline-formula>,
      the discriminal difference is more likely to favor Text B over
      Text A (shaded gray area), compared to situations where their
      dispersions differ.</p>
      <p>In experimental practice, however, this process occurs in
      reverse. Researchers first observe the comparison outcome and then
      use the BTL model to infer the discriminal difference between the
      stimuli and their respective discriminal processes
      (<xref alt="Thurstone 1927b, 373" rid="ref-Thurstone_1927a" ref-type="bibr">Thurstone
      1927b, 373</xref>). For instance, when researchers observe a large
      sample of outcomes favoring Text B over Text A and correctly
      assume equal dispersions between the texts, the BTL model
      estimates a discriminal difference distribution that accurately
      represents the “true” discriminal difference of the texts. This
      scenario is illustrated in
      <xref alt="Figure 2 (a)" rid="fig-dispersion">Figure 2 (a)</xref>,
      where the model’s discriminal difference distribution aligns with
      the “true” distribution, represented by the thick continuous line
      corresponding to <inline-formula><alternatives>
      <tex-math><![CDATA[\sigma_{B}-\sigma_{A}=0]]></tex-math>
      <mml:math display="inline" xmlns:mml="http://www.w3.org/1998/Math/MathML"><mml:mrow><mml:msub><mml:mi>σ</mml:mi><mml:mi>B</mml:mi></mml:msub><mml:mo>−</mml:mo><mml:msub><mml:mi>σ</mml:mi><mml:mi>A</mml:mi></mml:msub><mml:mo>=</mml:mo><mml:mn>0</mml:mn></mml:mrow></mml:math></alternatives></inline-formula>.
      The accuracy of this estimated discriminal difference ensures
      reliable estimates of the texts’ discriminal processes [(citation
      needed?){style=“color:red;”}. Therefore, it is reasonable to
      assume that the outcome’s ability to reflect the “true”
      differences between stimuli largely depends on the validity of the
      model’s assumptions, particularly the assumption of equal
      dispersions.</p>
      <p>However, Thurstone contended that the assumption of equal
      dispersions may not hold when researchers assess complex traits or
      heterogeneous stimuli
      (<xref alt="Thurstone 1927b, 376" rid="ref-Thurstone_1927a" ref-type="bibr">Thurstone
      1927b, 376</xref>), as these traits and stimuli can introduce
      judgment discrepancies due to their unique features
      (<xref alt="van Daal et al. 2016" rid="ref-vanDaal_et_al_2016" ref-type="bibr">van
      Daal et al. 2016</xref>;
      <xref alt="Lesterhuis 2018b" rid="ref-Lesterhuis_2018" ref-type="bibr">Lesterhuis
      2018b</xref>;
      <xref alt="Chambers and Cunningham 2022" rid="ref-Chambers_et_al_2022" ref-type="bibr">Chambers
      and Cunningham 2022</xref>). Indeed, evidence of this violation
      may already exist in the CJ literature as misfit statistics, which
      measure judgment discrepancies associated with specific stimuli
      (<xref alt="Pollitt 2004, 12" rid="ref-Pollitt_2004" ref-type="bibr">Pollitt
      2004, 12</xref>;
      <xref alt="Goossens and De Maeyer 2018, 20" rid="ref-Goossens_et_al_2018" ref-type="bibr">Goossens
      and De Maeyer 2018, 20</xref>). For example, labeling texts as
      “misfits” indicates that comparisons involving these texts result
      in more judgment discrepancies than those involving other texts
      (<xref alt="Pollitt 2012a" rid="ref-Pollitt_2012a" ref-type="bibr">Pollitt
      2012a</xref>,
      <xref alt="2012b" rid="ref-Pollitt_2012b" ref-type="bibr">2012b</xref>;
      <xref alt="van Daal et al. 2016" rid="ref-vanDaal_et_al_2016" ref-type="bibr">van
      Daal et al. 2016</xref>;
      <xref alt="Goossens and De Maeyer 2018" rid="ref-Goossens_et_al_2018" ref-type="bibr">Goossens
      and De Maeyer 2018</xref>). These discrepancies, in turn, suggest
      that the discriminal differences for “misfit” texts have broader
      distributions, indicating that their discriminal processes may
      also exhibit more variation than that of other texts. A similar
      reasoning applies to “misfit” judges, whose evaluations deviate
      substantially from the shared consensus due to the unique
      characteristics of the stimuli or the judges themselves. Moreover,
      these “misfit” judges and their deviations can introduce
      additional statistical and measurement issues, which we discuss in
      <xref alt="Section 3.1.2" rid="sec-theory-issue1b">Section 3.1.2</xref>.</p>
      <p>Therefore, incorrectly assuming equal dispersions between
      stimuli is not without harm, as it can cause the BTL model to
      introduce significant statistical and measurement issues. For
      instance, the model may overestimate how accurately the outcome
      reflects the “true” discriminal differences between stimuli. This
      overestimation can lead researchers to draw spurious conclusions
      about these differences
      (<xref alt="McElreath 2020, 370" rid="ref-McElreath_2020" ref-type="bibr">McElreath
      2020, 370</xref>) and, by extension, of the stimuli underlying
      discriminal processes.
      <xref alt="Figure 2 (a)" rid="fig-dispersion">Figure 2 (a)</xref>
      illustrates this issue when the model’s discriminal difference
      distribution aligns with the thick continuous line for
      <inline-formula><alternatives>
      <tex-math><![CDATA[\sigma_{B}-\sigma_{A}=0]]></tex-math>
      <mml:math display="inline" xmlns:mml="http://www.w3.org/1998/Math/MathML"><mml:mrow><mml:msub><mml:mi>σ</mml:mi><mml:mi>B</mml:mi></mml:msub><mml:mo>−</mml:mo><mml:msub><mml:mi>σ</mml:mi><mml:mi>A</mml:mi></mml:msub><mml:mo>=</mml:mo><mml:mn>0</mml:mn></mml:mrow></mml:math></alternatives></inline-formula>,
      while the “true” discriminal difference follows a discontinuous
      line where <inline-formula><alternatives>
      <tex-math><![CDATA[\sigma_{B}-\sigma_{A} \neq 0]]></tex-math>
      <mml:math display="inline" xmlns:mml="http://www.w3.org/1998/Math/MathML"><mml:mrow><mml:msub><mml:mi>σ</mml:mi><mml:mi>B</mml:mi></mml:msub><mml:mo>−</mml:mo><mml:msub><mml:mi>σ</mml:mi><mml:mi>A</mml:mi></mml:msub><mml:mo>≠</mml:mo><mml:mn>0</mml:mn></mml:mrow></mml:math></alternatives></inline-formula>.
      Moreover, if researchers recognize that misfit statistics
      highlight critical differences in dispersions, the usual CJ
      practice of excluding stimuli based on these statistics
      (<xref alt="Pollitt 2012a" rid="ref-Pollitt_2012a" ref-type="bibr">Pollitt
      2012a</xref>,
      <xref alt="2012b" rid="ref-Pollitt_2012b" ref-type="bibr">2012b</xref>;
      <xref alt="van Daal et al. 2016" rid="ref-vanDaal_et_al_2016" ref-type="bibr">van
      Daal et al. 2016</xref>;
      <xref alt="Goossens and De Maeyer 2018" rid="ref-Goossens_et_al_2018" ref-type="bibr">Goossens
      and De Maeyer 2018</xref>) can unintentionally discard valuable
      information. This exclusion can introduce bias into trait
      estimates
      (<xref alt="Zimmerman 1994" rid="ref-Zimmerman_1994" ref-type="bibr">Zimmerman
      1994</xref>;
      <xref alt="McElreath 2020, chap. 12" rid="ref-McElreath_2020" ref-type="bibr">McElreath
      2020, chap. 12</xref>). The direction and magnitude of these
      biases are often unpredictable, as they depend on which stimuli
      are excluded from the analysis.</p>
      <fig id="fig-caseV_issues">
        <caption><p>Figure 2: The effect of dispersion discrepancies and
        stimulus correlation on the distribution of the discriminal
        difference.</p></caption>
        <table-wrap>
          <table>
            <colgroup>
              <col width="50%" />
              <col width="50%" />
            </colgroup>
            <tbody>
              <tr>
                <td align="left"><p specific-use="wrapper">
                  <boxed-text>
                    <fig id="fig-dispersion">
                      <caption><p>(a) Discrepancies in the dispersions
                      of stimuli</p></caption>
                      <graphic mimetype="image" mime-subtype="png" xlink:href="./images/png/dispersion.png" />
                    </fig>
                  </boxed-text>
                </p></td>
                <td align="left"><p specific-use="wrapper">
                  <boxed-text>
                    <fig id="fig-correlation">
                      <caption><p>(b) Correlation between
                      stimuli</p></caption>
                      <graphic mimetype="image" mime-subtype="png" xlink:href="./images/png/correlation.png" />
                    </fig>
                  </boxed-text>
                </p></td>
              </tr>
            </tbody>
          </table>
        </table-wrap>
      </fig>
    </sec>
    <sec id="sec-theory-issue1b">
      <title>The assumption of zero correlation between stimuli</title>
      <p>Denoted by <inline-formula><alternatives>
      <tex-math><![CDATA[\rho]]></tex-math>
      <mml:math display="inline" xmlns:mml="http://www.w3.org/1998/Math/MathML"><mml:mi>ρ</mml:mi></mml:math></alternatives></inline-formula>,
      the correlation measures the dependence of a judge’s perception of
      the trait in one stimulus on his perception of the same trait in
      another. Like the discriminal dispersions, this correlation shapes
      the distribution of the discriminal difference and directly
      influences the outcomes of pairwise comparisons.
      <xref alt="Figure 2 (b)" rid="fig-correlation">Figure 2 (b)</xref>
      illustrates this concept, again assuming the researcher can
      observe the discriminal processes for the texts shown in
      <xref alt="Figure 1 (a)" rid="fig-discriminal_process">Figure 1
      (a)</xref>. The figure also considers that the discriminal
      dispersions for both texts remain constant.</p>
      <p><xref alt="Figure 2 (b)" rid="fig-correlation">Figure 2
      (b)</xref> reveals that as the correlation between the texts
      increases, the distribution of their discriminal difference
      becomes narrower. This narrowing affects the area under the curve
      where the discriminal difference distinctly favors Text B over
      Text A, denoted as <inline-formula><alternatives>
      <tex-math><![CDATA[P(B > A)]]></tex-math>
      <mml:math display="inline" xmlns:mml="http://www.w3.org/1998/Math/MathML"><mml:mrow><mml:mi>P</mml:mi><mml:mrow><mml:mo stretchy="true" form="prefix">(</mml:mo><mml:mi>B</mml:mi><mml:mo>&gt;</mml:mo><mml:mi>A</mml:mi><mml:mo stretchy="true" form="postfix">)</mml:mo></mml:mrow></mml:mrow></mml:math></alternatives></inline-formula>,
      thus influencing the comparison outcome. Furthermore, the figure
      shows that when two texts are independent or uncorrelated
      <inline-formula><alternatives>
      <tex-math><![CDATA[(\rho=0)]]></tex-math>
      <mml:math display="inline" xmlns:mml="http://www.w3.org/1998/Math/MathML"><mml:mrow><mml:mo stretchy="true" form="prefix">(</mml:mo><mml:mi>ρ</mml:mi><mml:mo>=</mml:mo><mml:mn>0</mml:mn><mml:mo stretchy="true" form="postfix">)</mml:mo></mml:mrow></mml:math></alternatives></inline-formula>,
      their discriminal difference is less likely to favor Text B over
      Text A (shaded gray area), compared to scenarios when the texts
      are highly correlated.</p>
      <p>However, in experimental practice, researchers typically follow
      this process in reverse. For example, when they observe a large
      sample of outcomes favoring Text B over Text A and correctly
      assume zero correlation between the texts, the BTL model estimates
      a discriminal difference distribution that accurately represents
      the “true” discriminal difference of the texts. This scenario is
      illustrated with
      <xref alt="Figure 2 (b)" rid="fig-correlation">Figure 2 (b)</xref>
      when the discriminal difference distribution of the model aligns
      with the “true” distribution, represented by the thick continuous
      line corresponding to <inline-formula><alternatives>
      <tex-math><![CDATA[\rho=0]]></tex-math>
      <mml:math display="inline" xmlns:mml="http://www.w3.org/1998/Math/MathML"><mml:mrow><mml:mi>ρ</mml:mi><mml:mo>=</mml:mo><mml:mn>0</mml:mn></mml:mrow></mml:math></alternatives></inline-formula>.
      The accuracy of this discriminal difference estimation, in turn,
      ensures reliable estimates for the discriminal process of the
      texts [(citation needed?){style=“color:red;”}.</p>
      <p>Notably, Thurstone’s Case V and the BTL model assume
      independent discriminal processes across comparisons. Thurstone
      attributed this independence to the cancellation of potential
      judges’ biases, driven by two opposing and equally weighted
      effects occurring during the pairwise comparisons
      (<xref alt="Thurstone 1927a, 268" rid="ref-Thurstone_1927b" ref-type="bibr">Thurstone
      1927a, 268</xref>). Andrich
      (<xref alt="1978" rid="ref-Andrich_1978" ref-type="bibr">1978</xref>)
      mathematically demonstrated this cancellation using the BTL model
      under the assumption of discriminal processes with additive
      biases. However, it is easy to imagine at least two scenarios
      where the zero correlation assumption almost certainly does not
      hold: when the pairwise comparison involves multidimensional,
      complex traits with heterogeneous stimuli and when an additional
      hierarchical structure is relevant to the stimuli.</p>
      <p>In the first scenario, the intricate aspects of
      multidimensional, complex traits may introduce dependencies
      between the stimuli due to certain judges’ biases that resist
      cancellation. Research on text quality suggests that when judges
      evaluate these traits, they often rely on various intricate
      characteristics of the stimuli to form their judgments
      (<xref alt="van Daal et al. 2016" rid="ref-vanDaal_et_al_2016" ref-type="bibr">van
      Daal et al. 2016</xref>;
      <xref alt="Lesterhuis 2018b" rid="ref-Lesterhuis_2018" ref-type="bibr">Lesterhuis
      2018b</xref>;
      <xref alt="Chambers and Cunningham 2022" rid="ref-Chambers_et_al_2022" ref-type="bibr">Chambers
      and Cunningham 2022</xref>). These additional relevant
      characteristics, which are unlikely to be equally weighted or
      opposing, can unevenly influence judges’ perceptions, creating
      biases in their judgments and, ultimately, introducing
      dependencies between stimuli
      (<xref alt="van der Linden 2017b, 2:346" rid="ref-vanderLinden_et_al_2017_II" ref-type="bibr">van
      der Linden 2017b, 2:346</xref>). For example, this could occur
      when a judge assessing the argumentative quality of a text places
      more weight on its grammatical accuracy than other judges,
      ultimately favoring texts with fewer errors but weaker arguments.
      While direct evidence for this specific scenario is lacking,
      studies such as Pollitt and Elliott
      (<xref alt="2003" rid="ref-Pollitt_et_al_2003" ref-type="bibr">2003</xref>)
      demonstrate the presence of such biases, supporting the idea that
      the factors influencing pairwise comparisons may not always cancel
      out.</p>
      <p>In the second scenario, the shared context or inherent
      connections created by additional hierarchical structures may
      further introduce dependencies between stimuli, a statistical
      phenomenon commonly known as clustering
      (<xref alt="Everitt and Skrondal 2010" rid="ref-Everitt_et_al_2010" ref-type="bibr">Everitt
      and Skrondal 2010</xref>). Although the CJ literature acknowledges
      the presence of such hierarchical structures, the statistical
      handling of this extra source of dependency between stimuli has
      been inadequate. For example, when CJ data includes multiple
      samples of stimuli from the same individuals, researchers often
      rely on (average) estimated BTL scores to conduct subsequent
      analyses and tests at the individual hierarchical level
      (<xref alt="Bramley and Vitello 2019" rid="ref-Bramley_et_al_2019" ref-type="bibr">Bramley
      and Vitello 2019</xref>;
      <xref alt="Boonen, Kloots, and Gillis 2020" rid="ref-Boonen_et_al_2020" ref-type="bibr">Boonen,
      Kloots, and Gillis 2020</xref>;
      <xref alt="Bouwer et al. 2023" rid="ref-Bouwer_et_al_2023" ref-type="bibr">Bouwer
      et al. 2023</xref>;
      <xref alt="van Daal et al. 2017" rid="ref-vanDaal_et_al_2017" ref-type="bibr">van
      Daal et al. 2017</xref>;
      <xref alt="Jones et al. 2019" rid="ref-Jones_et_al_2019" ref-type="bibr">Jones
      et al. 2019</xref>;
      <xref alt="Gijsen et al. 2021" rid="ref-Gijsen_et_al_2021" ref-type="bibr">Gijsen
      et al. 2021</xref>). However, this approach can introduce
      additional statistical and measurement issues, which we discuss in
      <xref alt="Section 3.2" rid="sec-theory-issue2">Section 3.2</xref>.</p>
      <p><styled-content style="color:red;">In any case, similar to
      <xref alt="Section 3.1.1" rid="sec-theory-issue1a">Section 3.1.1</xref>,
      incorrectly assuming zero correlation between stimuli can lead the
      BTL model to introduce various statistical and measurement issues.
      For instance, the model could over- or underestimate the accuracy
      of the outcome in reflecting the “true” discriminal differences
      between stimuli. This over- underestimation may result in spurious
      inferences about these differences and, by extension, about the
      stimuli’s discriminal processes
      (<xref alt="Hoyle 2023, 341" rid="ref-Hoyle_et_al_2023" ref-type="bibr">Hoyle
      2023, 341</xref>).
      <xref alt="Figure 2 (b)" rid="fig-correlation">Figure 2 (b)</xref>
      also illustrates this scenario when the model’s discriminal
      difference distribution aligns with the thick continuous line for
      <inline-formula><alternatives>
      <tex-math><![CDATA[\rho=0]]></tex-math>
      <mml:math display="inline" xmlns:mml="http://www.w3.org/1998/Math/MathML"><mml:mrow><mml:mi>ρ</mml:mi><mml:mo>=</mml:mo><mml:mn>0</mml:mn></mml:mrow></mml:math></alternatives></inline-formula>,
      while the “true” discriminal difference follows any discontinuous
      line where <inline-formula><alternatives>
      <tex-math><![CDATA[\rho \neq 0]]></tex-math>
      <mml:math display="inline" xmlns:mml="http://www.w3.org/1998/Math/MathML"><mml:mrow><mml:mi>ρ</mml:mi><mml:mo>≠</mml:mo><mml:mn>0</mml:mn></mml:mrow></mml:math></alternatives></inline-formula>.
      This missaligment can be due to the overlook of additional
      relevant traits, such as judges’ biases, which cause dimensional
      mismatches in the BTL model, artificially inflating the
      reliability of the trait
      (<xref alt="Hoyle 2023, 341" rid="ref-Hoyle_et_al_2023" ref-type="bibr">Hoyle
      2023, 341</xref>) or, even worse, introduce bias into the trait’s
      estimates
      (<xref alt="Ackerman 1989" rid="ref-Ackerman_1989" ref-type="bibr">Ackerman
      1989</xref>). Furthermore, researchers who exclude judges based on
      misfit statistics can risk discarding valuable information,
      further biasing the trait’s estimates
      (<xref alt="Zimmerman 1994" rid="ref-Zimmerman_1994" ref-type="bibr">Zimmerman
      1994</xref>;
      <xref alt="McElreath 2020, chap. 12" rid="ref-McElreath_2020" ref-type="bibr">McElreath
      2020, chap. 12</xref>). Lastly, researchers who fail to account
      for hierarchical (grouping) structures can reduce the precision of
      model parameter estimates, which may amplify the overestimation of
      the trait’s reliability
      (<xref alt="Hoyle 2023, 482" rid="ref-Hoyle_et_al_2023" ref-type="bibr">Hoyle
      2023, 482</xref>).</styled-content></p>
    </sec>
  </sec>
  <sec id="sec-theory-issue2">
    <title>The disconnect between trait measurement and hypothesis
    testing</title>
    <p>Building on the previous section, it is clear that, despite its
    limitations, the BTL model is commonly used as the measurement model
    in CJ assessments. A measurement model specifies how manifest
    variables contribute to the estimation of latent variables
    (<xref alt="Everitt and Skrondal 2010" rid="ref-Everitt_et_al_2010" ref-type="bibr">Everitt
    and Skrondal 2010</xref>). For example, when evaluating text
    quality, researchers use the BTL model to process the dichotomous
    outcomes resulting from the pairwise comparisons (the manifest
    variables) to estimate scores that reflect the underlying quality
    level of the texts (the latent variable)
    (<xref alt="Laming 2004" rid="ref-Laming_2004" ref-type="bibr">Laming
    2004</xref>;
    <xref alt="Pollitt 2012b" rid="ref-Pollitt_2012b" ref-type="bibr">Pollitt
    2012b</xref>;
    <xref alt="Whitehouse 2012" rid="ref-Whitehouse_2012" ref-type="bibr">Whitehouse
    2012</xref>;
    <xref alt="van Daal et al. 2016" rid="ref-vanDaal_et_al_2016" ref-type="bibr">van
    Daal et al. 2016</xref>;
    <xref alt="Lesterhuis 2018a" rid="ref-Lesterhuis_2018_thesis" ref-type="bibr">Lesterhuis
    2018a</xref>;
    <xref alt="Coertjens et al. 2017" rid="ref-Coertjens_et_al_2017" ref-type="bibr">Coertjens
    et al. 2017</xref>;
    <xref alt="Goossens and De Maeyer 2018" rid="ref-Goossens_et_al_2018" ref-type="bibr">Goossens
    and De Maeyer 2018</xref>;
    <xref alt="Bouwer et al. 2023" rid="ref-Bouwer_et_al_2023" ref-type="bibr">Bouwer
    et al. 2023</xref>).</p>
    <p>Researchers then typically use these estimated BTL scores, or
    their transformations, to conduct additional analyses or hypothesis
    tests. For example, these scores have been used to identify ‘misfit’
    judges and stimuli
    (<xref alt="Pollitt 2012b" rid="ref-Pollitt_2012b" ref-type="bibr">Pollitt
    2012b</xref>;
    <xref alt="van Daal et al. 2016" rid="ref-vanDaal_et_al_2016" ref-type="bibr">van
    Daal et al. 2016</xref>;
    <xref alt="Goossens and De Maeyer 2018" rid="ref-Goossens_et_al_2018" ref-type="bibr">Goossens
    and De Maeyer 2018</xref>), detect biases in judges’ ratings
    (<xref alt="Pollitt and Elliott 2003" rid="ref-Pollitt_et_al_2003" ref-type="bibr">Pollitt
    and Elliott 2003</xref>;
    <xref alt="Pollitt 2012b" rid="ref-Pollitt_2012b" ref-type="bibr">Pollitt
    2012b</xref>), calculate correlations with other assessment methods
    (<xref alt="Goossens and De Maeyer 2018" rid="ref-Goossens_et_al_2018" ref-type="bibr">Goossens
    and De Maeyer 2018</xref>;
    <xref alt="Bouwer et al. 2023" rid="ref-Bouwer_et_al_2023" ref-type="bibr">Bouwer
    et al. 2023</xref>), or test hypotheses related to the underlying
    trait of interest
    (<xref alt="Bramley and Vitello 2019" rid="ref-Bramley_et_al_2019" ref-type="bibr">Bramley
    and Vitello 2019</xref>;
    <xref alt="Boonen, Kloots, and Gillis 2020" rid="ref-Boonen_et_al_2020" ref-type="bibr">Boonen,
    Kloots, and Gillis 2020</xref>;
    <xref alt="Bouwer et al. 2023" rid="ref-Bouwer_et_al_2023" ref-type="bibr">Bouwer
    et al. 2023</xref>;
    <xref alt="van Daal et al. 2017" rid="ref-vanDaal_et_al_2017" ref-type="bibr">van
    Daal et al. 2017</xref>;
    <xref alt="Jones et al. 2019" rid="ref-Jones_et_al_2019" ref-type="bibr">Jones
    et al. 2019</xref>;
    <xref alt="Gijsen et al. 2021" rid="ref-Gijsen_et_al_2021" ref-type="bibr">Gijsen
    et al. 2021</xref>).</p>
    <p>However, the statistical literature advises caution when using
    estimated scores for additional analyses and tests. A key
    consideration is that BTL scores are parameter estimates that
    inherently carry uncertainty. Ignoring this uncertainty can bias the
    analysis and reduce the precision of hypothesis tests. Notably, the
    direction and magnitude of such biases are often unpredictable.
    Results may be attenuated, exaggerated, or remain unaffected
    depending on the degree of uncertainty in the scores and the actual
    effects being tested
    (<xref alt="Kline 2023, 25" rid="ref-Kline_et_al_2023" ref-type="bibr">Kline
    2023, 25</xref>;
    <xref alt="Hoyle 2023, 137" rid="ref-Hoyle_et_al_2023" ref-type="bibr">Hoyle
    2023, 137</xref>). Finally, the reduced precision in hypothesis
    tests diminishes their statistical power, increasing the likelihood
    of committing type-I or type-II errors
    (<xref alt="McElreath 2020" rid="ref-McElreath_2020" ref-type="bibr">McElreath
    2020</xref>).</p>
    <p><styled-content style="color:red;">In aggregate, researchers’
    inadequate handling of violations to the assumptions of equal
    dispersion and zero correlation between stimuli, along with the
    apparent disconnect between CJ’s approach to trait measurement and
    hypothesis testing, can undermine the reliability of the trait
    estimates and ultimately compromise its validity
    (<xref alt="Perron and Gillespie 2015, 2" rid="ref-Perron_et_al_2015" ref-type="bibr">Perron
    and Gillespie 2015, 2</xref>). Consequently, adopting a more
    systematic and integrated approach to examining what happens when
    judges compare two stimuli could offer several statistical and
    measurement benefits, including addressing these
    issues.</styled-content></p>
  </sec>
</sec>
<sec id="sec-theory">
  <title>An updated theoretical and statistical model for CJ</title>
  <p>This section presents a theoretical model for CJ that extends
  Thurstone’s theory. The model systematically incorporates all factors
  involved when judges make pairwise comparisons. Additionally, the
  section develops the statistical translation of the theoretical model
  based on assumptions informed by the CJ theory.</p>
  <sec id="sec-theory-theoretical">
    <title>The theoretical model</title>
    <p>The (latent) discriminal difference of the stimuli directly
    determines the (manifest) outcome of the pairwise comparisons</p>
    <fig id="fig-CJ_TM_A1">
      <caption><p>Figure 3: Theoretical model A1$</p></caption>
      <graphic mimetype="image" mime-subtype="png" xlink:href="./images/png/CJ_TM_A1.png" />
    </fig>
    <p>The (latent) “perceived” discriminal processes for the stimuli
    directly determines their discriminal difference</p>
    <fig id="fig-CJ_TM_A2">
      <caption><p>Figure 4: Theoretical model A2$</p></caption>
      <graphic mimetype="image" mime-subtype="png" xlink:href="./images/png/CJ_TM_A2.png" />
    </fig>
    <p>The (latent) “true” discriminal processes for the stimuli and the
    judges’ biases directly determines their (latent) “perceived”
    discriminal processes</p>
    <fig id="fig-CJ_TM_A3">
      <caption><p>Figure 5: Theoretical model A3$</p></caption>
      <graphic mimetype="image" mime-subtype="png" xlink:href="./images/png/CJ_TM_A3.png" />
    </fig>
    <p>without loosing generality, the (latent) “perceived” and “true”
    discriminal processes for the stimuli can be depicted in a vector
    for each judge, as in</p>
  </sec>
  <sec id="sec-theory-statistics">
    <title>From theory to statistics</title>
  </sec>
</sec>
<sec id="sec-discuss">
  <title>Discussion</title>
  <sec id="sec-discuss-finding">
    <title>Findings</title>
  </sec>
  <sec id="sec-discuss-limitations">
    <title>Limitations and further research</title>
  </sec>
</sec>
<sec id="sec-conclusion">
  <title>Conclusion</title>
  <p></p>
</sec>
<sec id="declarations">
  <title>Declarations</title>
  <p><bold>Funding:</bold> The project was founded through the Research
  Fund of the University of Antwerp (BOF).</p>
  <p><bold>Financial interests:</bold> The authors have no relevant
  financial interest to disclose.</p>
  <p><bold>Non-financial interests:</bold> The authors have no relevant
  non-financial interest to disclose.</p>
  <p><bold>Ethics approval:</bold> The University of Antwerp Research
  Ethics Committee has confirmed that no ethical approval is
  required.</p>
  <p><bold>Consent to participate:</bold> Not applicable</p>
  <p><bold>Consent for publication:</bold> All authors have read and
  agreed to the published version of the manuscript.</p>
  <p><bold>Availability of data and materials:</bold> No data was
  utilized in this study.</p>
  <p><bold>Code availability:</bold> All the code utilized in this
  research is available in the digital document located at:
  <ext-link ext-link-type="uri" xlink:href="https://jriveraespejo.github.io/paper2_manuscript/">https://jriveraespejo.github.io/paper2_manuscript/</ext-link>.</p>
  <p><bold>AI-assisted technologies in the writing process:</bold> The
  authors used ChatGPT, an AI language model, during the preparation of
  this work. They occasionally employed the tool to refine phrasing and
  optimize wording, ensuring appropriate language use and enhancing the
  manuscript’s clarity and coherence. The authors take full
  responsibility for the final content of the publication.</p>
  <p><bold>CRediT authorship contribution statement:</bold>
  <italic>Conceptualization:</italic> S.G., S.DM., T.vD., and J.M.R.E;
  <italic>Methodology:</italic> S.DM., T.vD., and J.M.R.E;
  <italic>Software:</italic> J.M.R.E.; <italic>Validation:</italic>
  J.M.R.E.; <italic>Formal Analysis:</italic> J.M.R.E.;
  <italic>Investigation:</italic> J.M.R.E; <italic>Resources:</italic>
  S.G., S.DM., and T.vD.; <italic>Data curation:</italic> J.M.R.E.;
  <italic>Writing - original draft:</italic> J.M.R.E.; <italic>Writing -
  review and editing:</italic> S.G., S.DM., and T.vD.;
  <italic>Visualization:</italic> J.M.R.E.;
  <italic>Supervision:</italic> S.G. and S.DM.; <italic>Project
  administration:</italic> S.G. and S.DM.; <italic>Funding
  acquisition:</italic> S.G. and S.DM.</p>
  <p></p>
</sec>
</body>

<back>
<ref-list>
  <title>References</title>
  <ref id="ref-Thurstone_1927a">
    <element-citation publication-type="article-journal">
      <person-group person-group-type="author">
        <name><surname>Thurstone</surname><given-names>L.</given-names></name>
      </person-group>
      <article-title>Psychophysical analysis</article-title>
      <source>American Journal of Psychology</source>
      <year iso-8601-date="1927">1927</year>
      <volume></volume>
      <issue>38</issue>
      <uri>https://brocku.ca/MeadProject/Thurstone/Thurstone_1927g.html</uri>
      <pub-id pub-id-type="doi"></pub-id>
      <fpage>368</fpage>
      <lpage>89</lpage>
    </element-citation>
  </ref>
  <ref id="ref-Thurstone_1927b">
    <element-citation publication-type="article-journal">
      <person-group person-group-type="author">
        <name><surname>Thurstone</surname><given-names>L.</given-names></name>
      </person-group>
      <article-title>A law of comparative judgment</article-title>
      <source>Psychological Review</source>
      <year iso-8601-date="1927">1927</year>
      <volume>34</volume>
      <issue>4</issue>
      <uri></uri>
      <pub-id pub-id-type="doi">10.1037/h0070288</pub-id>
      <fpage>482</fpage>
      <lpage>499</lpage>
    </element-citation>
  </ref>
  <ref id="ref-Bradley_et_al_1952">
    <element-citation publication-type="article-journal">
      <person-group person-group-type="author">
        <name><surname>Bradley</surname><given-names>R.</given-names></name>
        <name><surname>Terry</surname><given-names>M.</given-names></name>
      </person-group>
      <article-title>Rank analysis of incomplete block designs: I. The method of paired comparisons</article-title>
      <source>Biometrika</source>
      <year iso-8601-date="1952">1952</year>
      <volume>39</volume>
      <issue>3-4</issue>
      <uri></uri>
      <pub-id pub-id-type="doi">10.2307/2334029</pub-id>
      <fpage>324</fpage>
      <lpage>345</lpage>
    </element-citation>
  </ref>
  <ref id="ref-Luce_1959">
    <element-citation publication-type="article-journal">
      <person-group person-group-type="author">
        <name><surname>Luce</surname><given-names>R.</given-names></name>
      </person-group>
      <article-title>On the possible psychophysical laws</article-title>
      <source>The Psychologcal Review</source>
      <year iso-8601-date="1959">1959</year>
      <volume>66</volume>
      <issue>2</issue>
      <uri></uri>
      <pub-id pub-id-type="doi">10.1037/h0043178</pub-id>
      <fpage>482</fpage>
      <lpage>499</lpage>
    </element-citation>
  </ref>
  <ref id="ref-Andrich_1978">
    <element-citation publication-type="article-journal">
      <person-group person-group-type="author">
        <name><surname>Andrich</surname><given-names>D.</given-names></name>
      </person-group>
      <article-title>Relationships between the thurstone and rasch approaches to item scaling</article-title>
      <source>Applied Psychological Measurement</source>
      <year iso-8601-date="1978">1978</year>
      <volume>2</volume>
      <issue>3</issue>
      <uri></uri>
      <pub-id pub-id-type="doi">10.1177/014662167800200319</pub-id>
      <fpage>451</fpage>
      <lpage>462</lpage>
    </element-citation>
  </ref>
  <ref id="ref-Ackerman_1989">
    <element-citation publication-type="article-journal">
      <person-group person-group-type="author">
        <name><surname>Ackerman</surname><given-names>T.</given-names></name>
      </person-group>
      <article-title>Unidimensional IRT calibration of compensatory and noncompensatory multidimensional items</article-title>
      <source>Applied Psychological Measurement</source>
      <year iso-8601-date="1989">1989</year>
      <volume>13</volume>
      <issue>2</issue>
      <uri></uri>
      <pub-id pub-id-type="doi">10.1177/014662168901300201</pub-id>
      <fpage>113</fpage>
      <lpage>127</lpage>
    </element-citation>
  </ref>
  <ref id="ref-Zimmerman_1994">
    <element-citation publication-type="article-journal">
      <person-group person-group-type="author">
        <name><surname>Zimmerman</surname><given-names>D.</given-names></name>
      </person-group>
      <article-title>A note on the influence of outliers on parametric and nonparametric tests</article-title>
      <source>The Journal of General Psychology</source>
      <publisher-name>Routledge</publisher-name>
      <year iso-8601-date="1994">1994</year>
      <volume>121</volume>
      <issue>4</issue>
      <uri></uri>
      <pub-id pub-id-type="doi">10.1080/00221309.1994.9921213</pub-id>
      <fpage>391</fpage>
      <lpage>401</lpage>
    </element-citation>
  </ref>
  <ref id="ref-Laming_2004">
    <element-citation publication-type="article-journal">
      <person-group person-group-type="author">
        <name><surname>Laming</surname><given-names>D.</given-names></name>
      </person-group>
      <article-title>Marking university examinations: Some lessons from psychophysics</article-title>
      <source>Psychology Learning &amp; Teaching</source>
      <year iso-8601-date="2004">2004</year>
      <volume>3</volume>
      <issue>2</issue>
      <uri></uri>
      <pub-id pub-id-type="doi">10.2304/plat.2003.3.2.89</pub-id>
      <fpage>89</fpage>
      <lpage>96</lpage>
    </element-citation>
  </ref>
  <ref id="ref-Pollitt_2012a">
    <element-citation publication-type="article-journal">
      <person-group person-group-type="author">
        <name><surname>Pollitt</surname><given-names>A.</given-names></name>
      </person-group>
      <article-title>Comparative judgement for assessment</article-title>
      <source>International Journal of Technology and Design Education</source>
      <year iso-8601-date="2012">2012</year>
      <volume>22</volume>
      <issue>2</issue>
      <uri></uri>
      <pub-id pub-id-type="doi">10.1007/s10798-011-9189-x</pub-id>
      <fpage>157</fpage>
      <lpage>170</lpage>
    </element-citation>
  </ref>
  <ref id="ref-Pollitt_2012b">
    <element-citation publication-type="article-journal">
      <person-group person-group-type="author">
        <name><surname>Pollitt</surname><given-names>A.</given-names></name>
      </person-group>
      <article-title>The method of adaptive comparative judgement</article-title>
      <source>Assessment in Education: Principles, Policy and Practice</source>
      <year iso-8601-date="2012">2012</year>
      <volume>19</volume>
      <issue>3</issue>
      <uri></uri>
      <pub-id pub-id-type="doi">10.1080/0969594X.2012.665354</pub-id>
      <fpage>281</fpage>
      <lpage>300</lpage>
    </element-citation>
  </ref>
  <ref id="ref-Kimbell_2012">
    <element-citation publication-type="article-journal">
      <person-group person-group-type="author">
        <name><surname>Kimbell</surname><given-names>R.</given-names></name>
      </person-group>
      <article-title>Evolving project e-scape for national assessment</article-title>
      <source>International Journal of Technology and Design Education</source>
      <year iso-8601-date="2012">2012</year>
      <volume>22</volume>
      <issue></issue>
      <uri></uri>
      <pub-id pub-id-type="doi">10.1007/s10798-011-9190-4</pub-id>
      <fpage>135</fpage>
      <lpage>155</lpage>
    </element-citation>
  </ref>
  <ref id="ref-Jones_et_al_2015">
    <element-citation publication-type="article-journal">
      <person-group person-group-type="author">
        <name><surname>Jones</surname><given-names>I.</given-names></name>
        <name><surname>Inglis</surname><given-names>M.</given-names></name>
      </person-group>
      <article-title>The problem of assessing problem solving: Can comparative judgement help?</article-title>
      <source>Educational Studies in Mathematics</source>
      <year iso-8601-date="2015">2015</year>
      <volume>89</volume>
      <issue>3</issue>
      <uri></uri>
      <pub-id pub-id-type="doi">10.1007/s10649-015-9607-1</pub-id>
      <fpage>337</fpage>
      <lpage>355</lpage>
    </element-citation>
  </ref>
  <ref id="ref-vanDaal_et_al_2016">
    <element-citation publication-type="article-journal">
      <person-group person-group-type="author">
        <name><surname>van Daal</surname><given-names>T.</given-names></name>
        <name><surname>Lesterhuis</surname><given-names>M.</given-names></name>
        <name><surname>Coertjens</surname><given-names>L.</given-names></name>
        <name><surname>Donche</surname><given-names>V.</given-names></name>
        <name><surname>De Maeyer</surname><given-names>S.</given-names></name>
      </person-group>
      <article-title>Validity of comparative judgement to assess academic writing: Examining implications of its holistic character and building on a shared consensus</article-title>
      <source>Assessment in Education: Principles, Policy &amp; Practice</source>
      <year iso-8601-date="2016">2016</year>
      <volume>26</volume>
      <issue>1</issue>
      <pub-id pub-id-type="doi">10.1080/0969594X.2016.1253542</pub-id>
      <fpage>59</fpage>
      <lpage>74</lpage>
    </element-citation>
  </ref>
  <ref id="ref-Coertjens_et_al_2017">
    <element-citation publication-type="article-journal">
      <person-group person-group-type="author">
        <name><surname>Coertjens</surname><given-names>L.</given-names></name>
        <name><surname>Lesterhuis</surname><given-names>M</given-names></name>
        <name><surname>Verhavert</surname><given-names>S.</given-names></name>
        <name><surname>Van Gasse</surname><given-names>R.</given-names></name>
        <name><surname>De Maeyer</surname><given-names>S.</given-names></name>
      </person-group>
      <article-title>Teksten beoordelen met criterialijsten of via paarsgewijze vergelijking: Een afweging van betrouwbaarheid en tijdsinvestering</article-title>
      <source>Pedagogische Studien</source>
      <year iso-8601-date="2017">2017</year>
      <volume>94</volume>
      <uri>https://repository.uantwerpen.be/docman/irua/e71ea9/147930.pdf</uri>
      <pub-id pub-id-type="doi"></pub-id>
      <fpage>283</fpage>
      <lpage>303</lpage>
    </element-citation>
  </ref>
  <ref id="ref-vanDaal_et_al_2017">
    <element-citation publication-type="article-journal">
      <person-group person-group-type="author">
        <name><surname>van Daal</surname><given-names>T.</given-names></name>
        <name><surname>Lesterhuis</surname><given-names>M.</given-names></name>
        <name><surname>Coertjens</surname><given-names>L.</given-names></name>
        <name><surname>van de Kamp</surname><given-names>MT.</given-names></name>
        <name><surname>Donche</surname><given-names>V.</given-names></name>
        <name><surname>De Maeyer</surname><given-names>S.</given-names></name>
      </person-group>
      <article-title>The complexity of assessing student work using comparative judgment: The moderating role of decision accuracy</article-title>
      <source>Frontiers in Education</source>
      <year iso-8601-date="2017">2017</year>
      <volume>2</volume>
      <uri></uri>
      <pub-id pub-id-type="doi">10.3389/feduc.2017.00044</pub-id>
    </element-citation>
  </ref>
  <ref id="ref-Bartholomew_et_al_2018">
    <element-citation publication-type="article-journal">
      <person-group person-group-type="author">
        <name><surname>Bartholomew</surname><given-names>S.</given-names></name>
        <name><surname>Nadelson</surname><given-names>L.</given-names></name>
        <name><surname>Goodridge</surname><given-names>W.</given-names></name>
        <name><surname>Reeve</surname><given-names>E.</given-names></name>
      </person-group>
      <article-title>Adaptive comparative judgment as a tool for assessing open-ended design problems and model eliciting activities</article-title>
      <source>Educational Assessment</source>
      <publisher-name>Routledge</publisher-name>
      <year iso-8601-date="2018">2018</year>
      <volume>23</volume>
      <issue>2</issue>
      <uri></uri>
      <pub-id pub-id-type="doi">10.1080/10627197.2018.1444986</pub-id>
      <fpage>85</fpage>
      <lpage>101</lpage>
    </element-citation>
  </ref>
  <ref id="ref-Lesterhuis_2018">
    <element-citation publication-type="article-journal">
      <person-group person-group-type="author">
        <name><surname>Lesterhuis</surname><given-names>M.</given-names></name>
      </person-group>
      <article-title>When teachers compare argumentative texts: Decisions informed by multiple complex aspects of text quality</article-title>
      <source>L1-Educational Studies in Language and Literature</source>
      <year iso-8601-date="2018">2018</year>
      <volume>18</volume>
      <issue>1</issue>
      <uri></uri>
      <pub-id pub-id-type="doi">10.17239/L1ESLL-2018.18.01.02</pub-id>
      <fpage>1</fpage>
      <lpage>22</lpage>
    </element-citation>
  </ref>
  <ref id="ref-Jones_et_al_2019">
    <element-citation publication-type="article-journal">
      <person-group person-group-type="author">
        <name><surname>Jones</surname><given-names>I.</given-names></name>
        <name><surname>Bisson</surname><given-names>M.</given-names></name>
        <name><surname>Gilmore</surname><given-names>C.</given-names></name>
        <name><surname>Inglis</surname><given-names>M.</given-names></name>
      </person-group>
      <article-title>Measuring conceptual understanding in randomised controlled trials: Can comparative judgement help?</article-title>
      <source>British Educational Research Journal</source>
      <year iso-8601-date="2019">2019</year>
      <volume>45</volume>
      <issue>3</issue>
      <uri></uri>
      <pub-id pub-id-type="doi">10.1002/berj.3519</pub-id>
      <fpage>662</fpage>
      <lpage>680</lpage>
    </element-citation>
  </ref>
  <ref id="ref-Bramley_et_al_2019">
    <element-citation publication-type="article-journal">
      <person-group person-group-type="author">
        <name><surname>Bramley</surname><given-names>T.</given-names></name>
        <name><surname>Vitello</surname><given-names>S.</given-names></name>
      </person-group>
      <article-title>The effect of adaptivity on the reliability coefficient in adaptive comparative judgement</article-title>
      <source>Assessment in Education: Principles, Policy and Practice</source>
      <year iso-8601-date="2019">2019</year>
      <volume>71</volume>
      <issue>9</issue>
      <pub-id pub-id-type="doi">10.1080/0969594X.2017.1418734</pub-id>
      <fpage>1</fpage>
      <lpage>25</lpage>
    </element-citation>
  </ref>
  <ref id="ref-Verhavert_et_al_2019">
    <element-citation publication-type="article-journal">
      <person-group person-group-type="author">
        <name><surname>Verhavert</surname><given-names>S.</given-names></name>
        <name><surname>Bouwer</surname><given-names>R.</given-names></name>
        <name><surname>Donche</surname><given-names>V.</given-names></name>
        <name><surname>De Maeyer</surname><given-names>S.</given-names></name>
      </person-group>
      <article-title>A meta-analysis on the reliability of comparative judgement</article-title>
      <source>Assessment in Education: Principles, Policy and Practice</source>
      <year iso-8601-date="2019">2019</year>
      <volume>26</volume>
      <issue>5</issue>
      <uri></uri>
      <pub-id pub-id-type="doi">10.1080/0969594X.2019.1602027</pub-id>
      <fpage>541</fpage>
      <lpage>562</lpage>
    </element-citation>
  </ref>
  <ref id="ref-Boonen_et_al_2020">
    <element-citation publication-type="article-journal">
      <person-group person-group-type="author">
        <name><surname>Boonen</surname><given-names>N.</given-names></name>
        <name><surname>Kloots</surname><given-names>H.</given-names></name>
        <name><surname>Gillis</surname><given-names>S.</given-names></name>
      </person-group>
      <article-title>Rating the overall speech quality of hearing-impaired children by means of comparative judgements</article-title>
      <source>Journal of Communication Disorders</source>
      <year iso-8601-date="2020">2020</year>
      <volume>83</volume>
      <issue></issue>
      <uri></uri>
      <pub-id pub-id-type="doi">10.1016/j.jcomdis.2019.105969</pub-id>
      <fpage>1675</fpage>
      <lpage>1687</lpage>
    </element-citation>
  </ref>
  <ref id="ref-Marshall_et_al_2020">
    <element-citation publication-type="article-journal">
      <person-group person-group-type="author">
        <name><surname>Marshall</surname><given-names>N.</given-names></name>
        <name><surname>Shaw</surname><given-names>K</given-names></name>
        <name><surname>Hunter</surname><given-names>J.</given-names></name>
        <name><surname>Jones</surname><given-names>I.</given-names></name>
      </person-group>
      <article-title>Assessment by comparative judgement: An application to secondary statistics and english in new zealand</article-title>
      <source>New Zealand Journal of Educational Studies</source>
      <publisher-name>International Society for Bayesian Analysis</publisher-name>
      <year iso-8601-date="2020">2020</year>
      <volume>55</volume>
      <issue></issue>
      <uri></uri>
      <pub-id pub-id-type="doi">10.1007/s40841-020-00163-3</pub-id>
      <fpage>49</fpage>
      <lpage>71</lpage>
    </element-citation>
  </ref>
  <ref id="ref-Gijsen_et_al_2021">
    <element-citation publication-type="article-journal">
      <person-group person-group-type="author">
        <name><surname>Gijsen</surname><given-names>M.</given-names></name>
        <name><surname>van Daal</surname><given-names>T.</given-names></name>
        <name><surname>Lesterhuis</surname><given-names>Marije</given-names></name>
        <name><surname>Gijbels</surname><given-names>David</given-names></name>
        <name><surname>De Maeyer</surname><given-names>Sven</given-names></name>
      </person-group>
      <article-title>The complexity of comparative judgments in assessing argumentative writing: An eye tracking study</article-title>
      <source>Frontiers in Education</source>
      <year iso-8601-date="2021">2021</year>
      <volume>5</volume>
      <uri></uri>
      <pub-id pub-id-type="doi">10.3389/feduc.2020.582800</pub-id>
    </element-citation>
  </ref>
  <ref id="ref-Chambers_et_al_2022">
    <element-citation publication-type="article-journal">
      <person-group person-group-type="author">
        <name><surname>Chambers</surname><given-names>L.</given-names></name>
        <name><surname>Cunningham</surname><given-names>E.</given-names></name>
      </person-group>
      <article-title>Exploring the validity of comparative judgement: Do judges attend to construct-irrelevant features?</article-title>
      <source>Frontiers in Education</source>
      <year iso-8601-date="2022">2022</year>
      <uri></uri>
      <pub-id pub-id-type="doi">10.3389/feduc.2022.802392</pub-id>
    </element-citation>
  </ref>
  <ref id="ref-Verhavert_et_al_2022">
    <element-citation publication-type="article-journal">
      <person-group person-group-type="author">
        <name><surname>Verhavert</surname><given-names>S.</given-names></name>
        <name><surname>Furlong</surname><given-names>A.</given-names></name>
        <name><surname>Bouwer</surname><given-names>R.</given-names></name>
      </person-group>
      <article-title>The accuracy and efficiency of a reference-based adaptive selection algorithm for comparative judgment</article-title>
      <source>Frontiers in Education</source>
      <year iso-8601-date="2022">2022</year>
      <volume>6</volume>
      <uri></uri>
      <pub-id pub-id-type="doi">10.3389/feduc.2021.785919</pub-id>
    </element-citation>
  </ref>
  <ref id="ref-Kelly_et_al_2022">
    <element-citation publication-type="article-journal">
      <person-group person-group-type="author">
        <name><surname>Kelly</surname><given-names>K.</given-names></name>
        <name><surname>Richardson</surname><given-names>M.</given-names></name>
        <name><surname>Isaacs</surname><given-names>T.</given-names></name>
      </person-group>
      <article-title>Critiquing the rationales for using comparative judgement: A call for clarity</article-title>
      <source>Assessment in Education: Principles, Policy &amp; Practice</source>
      <publisher-name>Routledge</publisher-name>
      <year iso-8601-date="2022">2022</year>
      <volume>29</volume>
      <issue>6</issue>
      <uri></uri>
      <pub-id pub-id-type="doi">10.1080/0969594X.2022.2147901</pub-id>
      <fpage>674</fpage>
      <lpage>688</lpage>
    </element-citation>
  </ref>
  <ref id="ref-Crompvoets_et_al_2022">
    <element-citation publication-type="article-journal">
      <person-group person-group-type="author">
        <name><surname>Crompvoets</surname><given-names>E.</given-names></name>
        <name><surname>Béguin</surname><given-names>A.</given-names></name>
        <name><surname>Sijtsma</surname><given-names>K.</given-names></name>
      </person-group>
      <article-title>On the bias and stability of the results of comparative judgment</article-title>
      <source>Frontiers in Education</source>
      <year iso-8601-date="2022">2022</year>
      <volume>6</volume>
      <uri></uri>
      <pub-id pub-id-type="doi">10.3389/feduc.2021.788202</pub-id>
    </element-citation>
  </ref>
  <ref id="ref-Bouwer_et_al_2023">
    <element-citation publication-type="article-journal">
      <person-group person-group-type="author">
        <name><surname>Bouwer</surname><given-names>R.</given-names></name>
        <name><surname>Lesterhuis</surname><given-names>M.</given-names></name>
        <name><surname>De Smedt</surname><given-names>F.</given-names></name>
        <name><surname>Van Keer</surname><given-names>H.</given-names></name>
        <name><surname>De Maeyer</surname><given-names>S.</given-names></name>
      </person-group>
      <article-title>Comparative approaches to the assessment of writing: Reliability and validity of benchmark rating and comparative judgement</article-title>
      <source>Journal of Writing Research</source>
      <year iso-8601-date="2023">2023</year>
      <volume>15</volume>
      <issue>3</issue>
      <uri></uri>
      <pub-id pub-id-type="doi">10.17239/jowr-2024.15.03.03</pub-id>
      <fpage>497</fpage>
      <lpage>518</lpage>
    </element-citation>
  </ref>
  <ref id="ref-Everitt_et_al_2010">
    <element-citation publication-type="book">
      <person-group person-group-type="author">
        <name><surname>Everitt</surname><given-names>B.</given-names></name>
        <name><surname>Skrondal</surname><given-names>A.</given-names></name>
      </person-group>
      <source>The cambridge dictionary of statistics</source>
      <publisher-name>Cambridge University Press</publisher-name>
      <year iso-8601-date="2010">2010</year>
      <isbn>978-0521766999</isbn>
      <uri></uri>
      <pub-id pub-id-type="doi"></pub-id>
    </element-citation>
  </ref>
  <ref id="ref-vanderLinden_et_al_2017_I">
    <element-citation publication-type="book">
      <source>Handbook of item response theory: models</source>
      <person-group person-group-type="editor">
        <name><surname>van der Linden</surname><given-names>W.</given-names></name>
      </person-group>
      <publisher-name>CRC Press</publisher-name>
      <year iso-8601-date="2017">2017</year>
      <volume>1</volume>
      <uri></uri>
      <pub-id pub-id-type="doi"></pub-id>
    </element-citation>
  </ref>
  <ref id="ref-vanderLinden_et_al_2017_II">
    <element-citation publication-type="book">
      <source>Handbook of item response theory: Statistical tools</source>
      <person-group person-group-type="editor">
        <name><surname>van der Linden</surname><given-names>W.</given-names></name>
      </person-group>
      <publisher-name>CRC Press</publisher-name>
      <year iso-8601-date="2017">2017</year>
      <volume>2</volume>
      <uri></uri>
      <pub-id pub-id-type="doi"></pub-id>
    </element-citation>
  </ref>
  <ref id="ref-McElreath_2020">
    <element-citation publication-type="book">
      <person-group person-group-type="author">
        <name><surname>McElreath</surname><given-names>R.</given-names></name>
      </person-group>
      <source>Statistical rethinking: A bayesian course with examples in r and STAN</source>
      <publisher-name>Chapman; Hall/CRC</publisher-name>
      <year iso-8601-date="2020">2020</year>
      <isbn>9780367139919</isbn>
      <uri></uri>
      <pub-id pub-id-type="doi"></pub-id>
    </element-citation>
  </ref>
  <ref id="ref-Hoyle_et_al_2023">
    <element-citation publication-type="book">
      <person-group person-group-type="author">
        <name><surname>Hoyle</surname><given-names>R. (eds.)</given-names></name>
      </person-group>
      <source>Handbook of structural equation modeling</source>
      <publisher-name>Guilford Press</publisher-name>
      <year iso-8601-date="2023">2023</year>
      <isbn>9781462544646</isbn>
      <uri></uri>
      <pub-id pub-id-type="doi"></pub-id>
    </element-citation>
  </ref>
  <ref id="ref-Kline_et_al_2023">
    <element-citation publication-type="book">
      <person-group person-group-type="author">
        <name><surname>Kline</surname><given-names>R.</given-names></name>
      </person-group>
      <source>Principles and practice of structural equation modeling</source>
      <publisher-name>Guilford Press</publisher-name>
      <year iso-8601-date="2023">2023</year>
      <isbn>9781462551910</isbn>
      <uri></uri>
      <pub-id pub-id-type="doi"></pub-id>
    </element-citation>
  </ref>
  <ref id="ref-Lesterhuis_2018_thesis">
    <element-citation publication-type="thesis">
      <person-group person-group-type="author">
        <name><surname>Lesterhuis</surname><given-names>M.</given-names></name>
      </person-group>
      <article-title>The validity of comparative judgement for assessing text quality: An assessor’s perspective</article-title>
      <publisher-name>University of Antwerp</publisher-name>
      <year iso-8601-date="2018">2018</year>
      <uri>https://hdl.handle.net/10067/1548280151162165141</uri>
    </element-citation>
  </ref>
  <ref id="ref-Bramley_2008">
    <element-citation publication-type="chapter">
      <person-group person-group-type="author">
        <name><surname>Bramley</surname><given-names>T.</given-names></name>
      </person-group>
      <article-title>Paired comparison methods</article-title>
      <source>Techniques for monitoring the comparability of examination standards</source>
      <person-group person-group-type="editor">
        <name><surname>Newton</surname><given-names>P.</given-names></name>
        <name><surname>Baird</surname><given-names>J.</given-names></name>
        <name><surname>Goldsteing</surname><given-names>H.</given-names></name>
        <name><surname>Patrick</surname><given-names>H.</given-names></name>
        <name><surname>Tymms</surname><given-names>P.</given-names></name>
      </person-group>
      <publisher-name>GOV.UK.</publisher-name>
      <year iso-8601-date="2008">2008</year>
      <uri>https://assets.publishing.service.gov.uk/media/5a80d75940f0b62305b8d734/2007-comparability-exam-standards-i-chapter7.pdf</uri>
      <pub-id pub-id-type="doi"></pub-id>
      <fpage>246</fpage>
      <lpage>300</lpage>
    </element-citation>
  </ref>
  <ref id="ref-Perron_et_al_2015">
    <element-citation publication-type="chapter">
      <person-group person-group-type="author">
        <name><surname>Perron</surname><given-names>B.</given-names></name>
        <name><surname>Gillespie</surname><given-names>D.</given-names></name>
      </person-group>
      <article-title>Reliability and Measurement Error</article-title>
      <source>Key Concepts in Measurement</source>
      <publisher-name>Oxford University Press</publisher-name>
      <year iso-8601-date="2015-04">2015</year><month>04</month>
      <uri></uri>
      <pub-id pub-id-type="doi">10.1093/acprof:oso/9780199855483.003.0004</pub-id>
    </element-citation>
  </ref>
  <ref id="ref-Bartholomew_et_al_2020">
    <element-citation publication-type="chapter">
      <person-group person-group-type="author">
        <name><surname>Bartholomew</surname><given-names>S.</given-names></name>
        <name><surname>Williams</surname><given-names>P.</given-names></name>
      </person-group>
      <article-title>STEM skill assessment: An application of adaptive comparative judgment</article-title>
      <source>Integrated approaches to STEM education. Advances in STEM education</source>
      <person-group person-group-type="editor">
        <name><surname>Anderson</surname><given-names>J.</given-names></name>
        <name><surname>Li</surname><given-names>Y.</given-names></name>
      </person-group>
      <publisher-name>Springer</publisher-name>
      <year iso-8601-date="2020">2020</year>
      <volume></volume>
      <uri></uri>
      <pub-id pub-id-type="doi">10.1007/978-3-030-52229-2_18</pub-id>
      <fpage>331</fpage>
      <lpage>349</lpage>
    </element-citation>
  </ref>
  <ref id="ref-Pollitt_2004">
    <element-citation publication-type="paper-conference">
      <person-group person-group-type="author">
        <name><surname>Pollitt</surname><given-names>A.</given-names></name>
      </person-group>
      <article-title>Let’s stop marking exams</article-title>
      <source>Proceedings of the IAEA conference</source>
      <publisher-name>University of Cambridge Local Examinations Syndicate</publisher-name>
      <publisher-loc>Philadelphia</publisher-loc>
      <year iso-8601-date="2004">2004</year>
      <volume></volume>
      <uri>https://www.cambridgeassessment.org.uk/images/109719-let-s-stop-marking-exams.pdf</uri>
      <fpage></fpage>
      <lpage></lpage>
    </element-citation>
  </ref>
  <ref id="ref-Goossens_et_al_2018">
    <element-citation publication-type="paper-conference">
      <person-group person-group-type="author">
        <name><surname>Goossens</surname><given-names>M.</given-names></name>
        <name><surname>De Maeyer</surname><given-names>S.</given-names></name>
      </person-group>
      <article-title>How to obtain efficient high reliabilities in assessing texts: Rubrics vs comparative judgement</article-title>
      <source>Technology enhanced assessment</source>
      <person-group person-group-type="editor">
        <name><surname>Ras</surname><given-names>E.</given-names></name>
        <name><surname>Guerrero Roldán</surname><given-names>A.</given-names></name>
      </person-group>
      <publisher-name>Springer International Publishing</publisher-name>
      <year iso-8601-date="2018">2018</year>
      <uri></uri>
      <pub-id pub-id-type="doi">10.1007/978-3-319-97807-9_2</pub-id>
      <fpage>13</fpage>
      <lpage>25</lpage>
    </element-citation>
  </ref>
  <ref id="ref-Mikhailiuk_et_al_2021">
    <element-citation publication-type="paper-conference">
      <person-group person-group-type="author">
        <name><surname>Mikhailiuk</surname><given-names>A.</given-names></name>
        <name><surname>Wilmot</surname><given-names>C.</given-names></name>
        <name><surname>Perez-Ortiz</surname><given-names>M.</given-names></name>
        <name><surname>Yue</surname><given-names>D.</given-names></name>
        <name><surname>Mantiuk</surname><given-names>R.</given-names></name>
      </person-group>
      <article-title>Active sampling for pairwise comparisons via approximate message passing and information gain maximization</article-title>
      <source>2020 25th international conference on pattern recognition (ICPR)</source>
      <year iso-8601-date="2021">2021</year>
      <volume></volume>
      <uri></uri>
      <pub-id pub-id-type="doi">10.1109/ICPR48806.2021.9412676</pub-id>
      <fpage>2559</fpage>
      <lpage>2566</lpage>
    </element-citation>
  </ref>
  <ref id="ref-Pollitt_et_al_2003">
    <element-citation>
      <person-group person-group-type="author">
        <name><surname>Pollitt</surname><given-names>A.</given-names></name>
        <name><surname>Elliott</surname><given-names>G.</given-names></name>
      </person-group>
      <article-title>Finding a proper role for human judgement in the examination system.</article-title>
      <publisher-name>University of Cambridge Local Examinations Syndicate</publisher-name>
      <year iso-8601-date="2003">2003</year>
      <uri>https://www.cambridgeassessment.org.uk/Images/109707-monitoring-and-investigating-comparability-a-proper-role-for-human-judgement.pdf</uri>
    </element-citation>
  </ref>
  <ref id="ref-Whitehouse_2012">
    <element-citation>
      <person-group person-group-type="author">
        <name><surname>Whitehouse</surname><given-names>C.</given-names></name>
      </person-group>
      <article-title>Testing the validity of judgements about geography essays using the adaptive comparative judgement method</article-title>
      <publisher-name>Centre for Education Research &amp; Policy</publisher-name>
      <year iso-8601-date="2012">2012</year>
      <uri>https://filestore.aqa.org.uk/content/research/CERP_RP_CW_24102012_0.pdf?download=1</uri>
    </element-citation>
  </ref>
</ref-list>
</back>



</article>